ID,Citta,Regione_attuale,Prov_attuale,Correzione,Base,CAP
6075,SAN MARINO,,RSM,Emilia-Romagna (S.Marino),sanmarino,47890
15775,FORLI',Emilia-Romagna,FO,FC,comune/CAP,47100
15776,VILLANOVA DI FORLI',Emilia-Romagna,FO,FC/Emilia-Romagna,noto,47100
15777,FORLI',Emilia-Romagna,FO,FC,comune/CAP,47100
15778,CESENA,Emilia-Romagna,FO,FC,comune/CAP,47020
15779,GATTEO,Emilia-Romagna,FO,FC,comune/CAP,47030
15780,SOGLIANO AL RUBICONE,Emilia-Romagna,FO,FC,comune/CAP,47030
15781,CESENA,Emilia-Romagna,FO,FC,comune/CAP,47023
15782,CESENA,Emilia-Romagna,FO,FC,comune/CAP,47023
15783,RICCIONE,Emilia-Romagna,FO,RN,comune/CAP,47036
15812,RIMINI,Emilia-Romagna,RNN,RN,comune/CAP,47900
16655,LUGO,Emilia-Romagna,R,RA,comune/CAP,48022
17736,VENTIMIGLIA,Liguria,UM,IM,comune/CAP,18039
17972,OLBIA,Sardegna,OT,SS,comune/CAP,
17981,CAGLI,Marche,PS,PU,comune/CAP,61043
18033,CHIESANUOVA,Toscana,FI,Emilia-Romagna (S.Marino),sanmarino,50100
18642,MALNATE,Sardegna,VS,VA,comune/CAP,21046
18644,BUSTO ARSIZIO,Sardegna,VS,VA,comune/CAP,21052
20864,GENEVE,Piemonte,,ESTERO,estero,
24783,SARONNO,Sardegna,VS,VA,comune/CAP,
25846,SARSINA,Emilia-Romagna,FO,FC,comune/CAP,47027
25847,CESENA,Emilia-Romagna,FO,FC,comune/CAP,47521
25848,CESENA,Emilia-Romagna,FO,FC,comune/CAP,47522
25849,FORLI,Emilia-Romagna,FO,FC,comune/CAP,47121
25850,FORLI,Emilia-Romagna,FO,FC,comune/CAP,47122
25851,FORLI,Emilia-Romagna,FO,FC,comune/CAP,47121
25852,FORLI,Emilia-Romagna,FO,FC,comune/CAP,47121
25853,BERTINORO,Emilia-Romagna,FO,FC,comune/CAP,47032
25854,FORLIMPOPOLI,Emilia-Romagna,FO,FC,comune/CAP,47034
25855,FORLI,Emilia-Romagna,FO,FC,comune/CAP,47122
25856,SAN MAURO PASCOLI,Emilia-Romagna,FO,FC,comune/CAP,47030
25857,FORLI,Emilia-Romagna,FO,FC,comune/CAP,47121
25858,CESENA,Emilia-Romagna,FO,FC,comune/CAP,47521
25859,CESENATICO,Emilia-Romagna,FO,FC,comune/CAP,47042
25860,FORLIMPOPOLI,Emilia-Romagna,FO,FC,comune/CAP,47034
25861,FORLI,Emilia-Romagna,FO,FC,comune/CAP,47121
25862,CESENATICO,Emilia-Romagna,FO,FC,comune/CAP,47042
25863,FORLI,Emilia-Romagna,FO,FC,comune/CAP,47121
25864,SAN MAURO PASCOLI,Emilia-Romagna,FO,FC,comune/CAP,47030
25865,FORLIMPOPOLI,Emilia-Romagna,FO,FC,comune/CAP,47034
26598,SAN MARINO,San Marino,RSM,Emilia-Romagna (S.Marino),sanmarino,47890
26715,ROBECCHETTO CON INDUNO,Lombardia,NI,MI,comune/CAP,20081
27290,SAN MARINO,San Marino,RSM,Emilia-Romagna (S.Marino),sanmarino,47893
29950,RIPI,Lazio,RF,FR,comune/CAP,03027
30474,ROMA,Lazio,MR,RM,comune/CAP,00066
30658,SAN MARINO,San Marino,RSM,Emilia-Romagna (S.Marino),sanmarino,47899
31355,SAN MARINO,San Marino,RSM,Emilia-Romagna (S.Marino),sanmarino,47890
31547,SAN MARINO,San Marino,RSM,Emilia-Romagna (S.Marino),sanmarino,47895
31554,SERRAVALLE,San Marino,RSM,Emilia-Romagna (S.Marino),sanmarino,47031
31578,REPUBBLICA DI SAN MARINO,San Marino,RSM,Emilia-Romagna (S.Marino),sanmarino,47890
31605,REPUBBLICA DI SAN MARINO,,,Emilia-Romagna (S.Marino),sanmarino,47899
33934,San Marino,San Marino,RSM,Emilia-Romagna (S.Marino),sanmarino,47899
34023,TRANI,Puglia,BAT,BT,comune/CAP,76125
34304,MILANO,Lombardia,,MI,comune/CAP,20161
UTET00015,PORTOSCUSO,Sardegna,CI,SU,comune/CAP,09010
UTET00312,IGLESIAS,Sardegna,CI,SU,comune/CAP,09016
UTET00452,LOTZORAI,Sardegna,OG,NU,comune/CAP,08040
UTET00795,Olbia,Sardegna,OT,SS,comune/CAP,07026
UTET00854,Arzana,Sardegna,OG,NU,comune/CAP,08040
UTET00880,Tortolý,Sardegna,OG,NU,comune/CAP,08048
UTET00941,VILLAMAR,Sardegna,VS,SU,comune/CAP,09020
UTET00956,OLBIA,Sardegna,OT,SS,comune/CAP,07026
UTET01028,CARBONIA,Sardegna,CI,SU,comune/CAP,09013
UTET01052,Arzana,Sardegna,OG,NU,comune/CAP,08040
UTET01096,Tortolý,Sardegna,OG,NU,comune/CAP,08048
UTET01271,Tortolý,Sardegna,OG,NU,comune/CAP,08048
UTET01535,Arzana,Sardegna,OG,NU,comune/CAP,08040
UTET01674,SERRAMANNA,Sardegna,VS,SU,comune/CAP,09038
UTET01896,CARBONIA,Sardegna,CI,SU,comune/CAP,09013
UTET02000,SAN GAVINO MONREALE,Sardegna,VS,SU,comune/CAP,09037
UTET02138,BARUMINI,Sardegna,VS,SU,comune/CAP,09021
UTET02229,Tortolý,Sardegna,OG,NU,comune/CAP,08048
UTET02336,Tortolý,Sardegna,OG,NU,comune/CAP,08048
UTET02337,Tortolý,Sardegna,OG,NU,comune/CAP,08048
UTET02515,Iglesias,Sardegna,CI,SU,comune/CAP,09016
UTET03414,CARBONIA,Sardegna,CI,SU,comune/CAP,09013
UTET04646,TEMPIO PAUSANIA,Sardegna,OT,SS,comune/CAP,07029
UTET04763,AGGIUS,Sardegna,OT,SS,comune/CAP,07020
UTET04885,VILLAGRANDE STRISAILI,Sardegna,OG,NU,comune/CAP,08049
UTET05009,OLBIA,Sardegna,OT,SS,comune/CAP,07026
UTET05077,OLBIA,Sardegna,OT,SS,comune/CAP,07026
UTET05081,MONTI,Sardegna,OT,SS,comune/CAP,07020
UTET05296,GUSPINI,Sardegna,VS,SU,comune/CAP,09036
UTET06044,TEMPIO PAUSANIA,Sardegna,OT,SS,comune/CAP,07029
UTET06261,OLBIA,Sardegna,OT,SS,comune/CAP,07026
UTET06380,GONNOSFANADIGA,Sardegna,VS,SU,comune/CAP,09035
UTET06765,SAMASSI,Sardegna,VS,SU,comune/CAP,09030
UTET06966,ARZANA,Sardegna,OG,NU,comune/CAP,08040
UTET06967,TORTOLI',Sardegna,OG,NU,comune/CAP,08048
UTET06968,SANTA MARIA NAVARRESE,Sardegna,OG,NU,comune/CAP,08040
UTET07003,GUSPINI,Sardegna,VS,SU,comune/CAP,09036
UTET07162,ACQUAVIVA,Toscana,SI,Emilia-Romagna (S.Marino),sanmarino,53045
UTET07458,CARBONIA,Sardegna,CI,SU,comune/CAP,09013
UTET07588,TEMPIO PAUSANIA,Sardegna,OT,SS,comune/CAP,07029
UTET08291,VILLAGRANDE STRISAILI,Sardegna,OG,NU,comune/CAP,08049
UTET08463,San Lazzaro di Savena,,EE,BO/Emilia-Romagna,comune/CAP,40068
UTET08769,LUGANO,,EE,ESTERO,estero,06900
UTET08999,VILLACIDRO,Sardegna,VS,SU,comune/CAP,09039
UTET09176,SANLURI,Sardegna,VS,SU,comune/CAP,09025
UTET09188,Roma,Lazio,ROMA,RM,comune/CAP,00191
UTET09386,CARLOFORTE,Sardegna,CI,SU,comune/CAP,09014
UTET09570,OSCHIRI,Sardegna,OT,SS,comune/CAP,07027
UTET09572,OLBIA,Sardegna,OT,SS,comune/CAP,07026
UTET09599,DOMAGNANO,,EE,Emilia-Romagna (S.Marino),sanmarino,47890
UTET09607,BELLINZONA,,EE,ESTERO,estero,06501
UTET09640,GONNESA,Sardegna,CI,SU,comune/CAP,09010
UTET09641,GONNESA,Sardegna,CI,SU,comune/CAP,09010
UTET09703,VILLACIDRO,Sardegna,VS,SU,comune/CAP,09039
UTET09905,OLBIA,Sardegna,OT,SS,comune/CAP,07026
UTET10038,REGGIO CALABRIA,Calabria,89134,RC,comune/CAP,00000
UTET10202,SERRAMANNA,Sardegna,VS,SU,comune/CAP,09038
UTET10482,SANT' ANNA ARRESI,Sardegna,CI,SU,comune/CAP,09010
UTET10508,PESARO,Marche,PS,PU,comune/CAP,61122
UTET10519,DOS HERMANAS,,SEVI,ESTERO,estero,41703
UTET10793,TORTOLI',Sardegna,OG,NU,comune/CAP,08048
UTET10841,BARUMINI,Sardegna,VS,SU,comune/CAP,09021
UTET10933,Arzana,Sardegna,OG,NU,comune/CAP,08040
UTET10934,GAIRO,Sardegna,OG,NU,comune/CAP,08040
UTET11144,BELLINZONA,,EE,ESTERO,estero,06501
UTET11234,VILLACIDRO,Sardegna,VS,SU,comune/CAP,09039
UTET11350,BAUNEI,Sardegna,OG,NU,comune/CAP,08040
UTET11576,PRAHA 5,,EE,ESTERO,estero,16000
UTET11682,TORTOLI',Sardegna,OG,NU,comune/CAP,08048
UTET12100,ARZANA,Sardegna,OG,NU,comune/CAP,08040
UTET12707,LOCARNO,,EE,ESTERO,estero,06942
UTET12774,Napoli,Lazio,NAPOLI,NA,comune/CAP,80124
UTET12964,TORTOLI',Sardegna,OG,NU,comune/CAP,08048
UTET12978,TEMPIO PAUSANIA,Sardegna,OT,SS,comune/CAP,07029
UTET13074,CARBONIA,Sardegna,CI,SU,comune/CAP,09013
UTET13119,Olbia,Sardegna,OT,SS,comune/CAP,07026
UTET13141,BELLINZONA,,EE,ESTERO,estero,06501
UTET13187,IGLESIAS,Sardegna,CI,SU,comune/CAP,09016
UTET13311,BARUMINI,Sardegna,VS,SU,comune/CAP,09021
UTET13421,LA MADDALENA,Sardegna,OT,SS,comune/CAP,07024
UTET13478,BERNA,,EE,ESTERO,estero,03011
UTET13713,CARBONIA,Sardegna,CI,SU,comune/CAP,09013
UTET13791,Repubblica di San Marino,,SM,Emilia-Romagna (S.Marino),sanmarino,47897
UTET13868,SARDARA,Sardegna,VS,SU,comune/CAP,09030
UTET14460,BARLETTA,Puglia,BAT,BT,comune/CAP,76121
UTET14521,TORTOLI',Sardegna,OG,NU,comune/CAP,08048
UTET14622,IGLESIAS,Sardegna,CI,SU,comune/CAP,09016
UTET14701,IGLESIAS,Sardegna,CI,SU,comune/CAP,09016
UTET14736,SAN TEODORO,Sardegna,OT,SS,comune/CAP,08020
UTET15100,IGLESIAS,Sardegna,CI,SU,comune/CAP,09016
UTET15218,VILLACIDRO,Sardegna,VS,SU,comune/CAP,09039
UTET15293,CARDEDU,Sardegna,OG,NU,comune/CAP,08040
UTET15295,ARZACHENA,Sardegna,OT,SS,comune/CAP,07021
UTET15427,GONNOSFANADIGA,Sardegna,VS,SU,comune/CAP,09035
UTET15473,CARLOFORTE,Sardegna,CI,SU,comune/CAP,09014
UTET15656,BORGO MAGGIORE,,SM,Emilia-Romagna (S.Marino),sanmarino,47893
UTET15668,VILLAMAR,Sardegna,VS,SU,comune/CAP,09020
UTET15677,FIORENTINO,,SM,Emilia-Romagna (S.Marino),sanmarino,47897
UTET15780,LOSONE,,EE,ESTERO,estero,66016
UTET15852,SANLURI,Sardegna,VS,SU,comune/CAP,09025
UTET15900,SAN GAVINO MONREALE,Sardegna,VS,SU,comune/CAP,09037
UTET16032,Intragna,,EE,ESTERO,estero,06655
UTET16425,GONNOSFANADIGA,Sardegna,VS,SU,comune/CAP,09035
UTET16441,VILLACIDRO,Sardegna,VS,SU,comune/CAP,09039
UTET16443,IGLESIAS,Sardegna,CI,SU,comune/CAP,09016
UTET16549,PABILLONIS,Sardegna,VS,SU,comune/CAP,09030
SCR0038,GRAZ AUSTRIA,,EE,ESTERO,estero,A.801
SCR0071,NAPOLI,,NAN,NA/Campania,comune/CAP,80129
SCR0145,NAPOLI,,NAN,NA/Campania,comune/CAP,80123
SCR0235,TERZIGNO,,NAN,NA/Campania,comune/CAP,80040
SCR0306,SCISCIANO,,NAN,NA/Campania,comune/CAP,80030
SCR0323,Casinalbo Formigine,,NAN,MO/Emilia-Romagna,noto,
SCR0422,CATANIA,,NAN,CT/Sicilia,comune/CAP,95125
SCR0425,BORGO MAGGIORE- SAN MARINO,,SM,Emilia-Romagna (S.Marino),sanmarino,47893
SCR0427,VILLARICCA,,NAN,NA/Campania,comune/CAP,80010
SCR0521,NAPOLI,,NAN,NA/Campania,comune/CAP,80126
SCR0529,DOGANA,,SM,Emilia-Romagna (S.Marino),sanmarino,47893
SCR0587,BERCHIDDA,Sardegna,OT,SS,comune/CAP,7022
SCR0661,BARCELLONA,,ES,ESTERO,estero,
SCR0968,ANDRIA,,BAT,BT/Puglia,comune/CAP,70031
SCR0997,ANDRIA,,BAT,BT/Puglia,comune/CAP,70031
SCR1066,TRANI,,BAT,BT/Puglia,comune/CAP,70059
SCR1105,CARLOFORTE,Sardegna,CI,SU,comune/CAP,9014
SCR1111,LJUBLJANA,,EE,ESTERO,estero,1000
SCR1146,PORTICI,,NAN,NA/Campania,comune/CAP,80055
SCR1163,CASTELLMMARE DI STABIA,,NAN,NA/Campania,noto,80053
SCR1289,MADRID,,NAN,ESTERO,estero,28003
SCR1404,BARLETTA,,BAT,BT/Puglia,comune/CAP,70051
SCR1541,TERZIGNO,,NAN,NA/Campania,comune/CAP,80040
SCR1563,ATLANTA GEORGIA,,NAN,ESTERO,estero,30322
SCR1564,DEATER GEORGIA,,NAN,ESTERO,estero,30030
SCR1573,LONDON SW17 7PL,,NAN,ESTERO,estero,
SCR1577,Madrid,,ES,ESTERO,estero,28003
SCR1585,D-70563 STUTTGART - GERMANY,,NAN,ESTERO,estero,
SCR1587,BARCELONA - SPAIN,,NAN,ESTERO,estero,8006
SCR1705,LA CORUNA,,NAN,ESTERO,estero,15006
SCR1746,COLUMBIA MD 21046,,EE,ESTERO,estero,21046
SCR1747,LONDON N19-3QP,,NAN,ESTERO,estero,
SCR1754,LJUBLJANA,,NAN,ESTERO,estero,
SCR1755,MOSCA,,NAN,ESTERO,estero,119146
SCR1835,PARIGI,,NAN,ESTERO,estero,75006
SCR1946,NAPOLI,,NAN,NA/Campania,comune/CAP,80121
SCR1950,MARIGLIANO,,NAN,NA/Campania,comune/CAP,80034
SCR1951,ROCCARAINOLA,,NAN,NA/Campania,comune/CAP,80030
SCR1963,NOLA,,NAN,NA/Campania,comune/CAP,80035
SCR1989,PORTICI,,NAN,NA/Campania,comune/CAP,80055
SCR1990,ROCCARAINOLA,,NAN,NA/Campania,comune/CAP,80030
SCR2031,NOLA,,NAN,NA/Campania,comune/CAP,80035
SCR2122,MARIGLIANO,,NAN,NA/Campania,comune/CAP,80034
SCR2199,BEIJING 100020 - CHINA,,NAN,ESTERO,estero,
SCR2206,SORRENTO,,NAN,NA/Campania,comune/CAP,80067
SCR2214,NAPOLI,,NAN,NA/Campania,comune/CAP,80135
SCR2226,Haerbin City Heilongjang,,NAN,ESTERO,estero,
SCR2228,MARIGLIANO,,NAN,NA/Campania,comune/CAP,80034
SCR2238,VILLACIDRO,Sardegna,VS,SU,comune/CAP,9039
SCR2248,PIEVE AL TOPPO,,NAN,AR/Toscana,noto,52041
SCR2257,Hamburg - Germany,,NAN,ESTERO,estero,20459
SCR2263,Denklingen - Germany,,NAN,ESTERO,estero,86920
SCR2266,Seoul - Korea,,NAN,ESTERO,estero,
SCR2267,CARBONARA DI NOLA,,NAN,NA/Campania,comune/CAP,80030
SCR2270,TORRE DEL GRECO,,NAN,NA/Campania,comune/CAP,80059
SCR2300,NOLA,,NAN,NA/Campania,comune/CAP,80035
SCR2306,NOLA,,NAN,NA/Campania,comune/CAP,80035
SCR2332,NAPOLI,,NAN,NA/Campania,comune/CAP,80136
SCR2340,MARIGLIANO,,NAN,NA/Campania,comune/CAP,80034
SCR2346,CASORIA,,NAN,NA/Campania,comune/CAP,80026
SCR2358,NOLA,,NAN,NA/Campania,comune/CAP,80035
SCR2359,Neidlingen,,NAN,ESTERO,estero,73272
SCR2362,125319 MOSCOW-RUSSIA-,,NAN,ESTERO,estero,
SCR2418,ROVIGO,,NAN,RO/Veneto,comune/CAP,
SCR2432,AFRAGOLA,,NAN,NA/Campania,comune/CAP,
SCR2464,TERZIGNO,,NAN,NA/Campania,comune/CAP,80040
SCR2465,SAN GENNARO VESUVIANO,,NAN,NA/Campania,comune/CAP,80040
SCR2466,NAPOLI,,NAN,NA/Campania,comune/CAP,80129
SCR2469,NAPOLI,,NAN,NA/Campania,comune/CAP,80121
SCR2472,NAPOLI,,NAN,NA/Campania,comune/CAP,80125
SCR2489,NOLA,,NAN,NA/Campania,comune/CAP,80035
SCR2494,PALMA CAMPANIA,,NAN,NA/Campania,comune/CAP,80036
SCR2496,LONDON,,GB,ESTERO,estero,
SCR2497,TARANTO,,NAN,TA/Puglia,comune/CAP,
SCR2519,ACERRA,,NAN,NA/Campania,comune/CAP,80011
SCR2522,BRESCIA,,NAN,BS/Lombardia,comune/CAP,25136
SCR2553,MARIGLIANO,,NAN,NA/Campania,comune/CAP,
SCR2555,ACERRA,,NAN,NA/Campania,comune/CAP,80011
SCR2556,POMIGLIANO D'ARCO,,NAN,NA/Campania,comune/CAP,80038
SCR2561,SAVIANO,,NAN,NA/Campania,comune/CAP,80039
SCR2562,OTTAVIANO,,NAN,NA/Campania,comune/CAP,80044
SCR2563,SAVIANO,,NAN,NA/Campania,comune/CAP,80039
SCR2565,NAPOLI (NA),,NAN,NA/Campania,noto,80138
SCR2572,PIERGALLO DI NOLA,,NAN,NA/Campania,noto,80037
SCR2582,CAGLIARI,,NAN,CA/Sardegna,comune/CAP,9131
SCR2605,SAN PAOLO,,NAN,BS/Lombardia,comune/CAP,80030
SCR2606,SOMMA VESUVIANA,,NAN,NA/Campania,comune/CAP,80049
SCR2608,CAMPOSANO,,NAN,NA/Campania,comune/CAP,80030
SCR2646,QUARTO,,NAN,NA/Campania,comune/CAP,80010
SCR2647,BOLOGNA,,O,BO/Emilia-Romagna,comune/CAP,40125
SCR2660,POGGIOMARINO,,NAN,NA/Campania,comune/CAP,80040
SCR2692,POGGIOMARINO,,NAN,NA/Campania,comune/CAP,80040
SCR2734,NAPOLI,,NAN,NA/Campania,comune/CAP,80145
SCR2738,PIAZZOLLA DI NOLA,,NAN,NA/Campania,comune/CAP,80035
SCR2764,CIMITILE,,NAN,NA/Campania,comune/CAP,80030
SCR2815,NAPOLI,,NAN,NA/Campania,comune/CAP,80134
SCR2818,NOLA,,NAN,NA/Campania,comune/CAP,80035
SCR2831,CERCOLA,,NAN,NA/Campania,comune/CAP,80040
SCR2832,SOMMA VESUVIANA,,NAN,NA/Campania,comune/CAP,80049
SCR2833,SAN GENNARO VESUVIANO,,NAN,NA/Campania,comune/CAP,80040
SCR2840,POZZUOLI,,NAN,NA/Campania,comune/CAP,80078
SCR2850,CARLOFORTE,Sardegna,CI,SU,comune/CAP,9014
SCR2858,SUTTON,,NAN,ESTERO,estero,
SCR2869,SAN GENNARO VESUVIANO,,NAN,NA/Campania,comune/CAP,80040
SCR2870,MARANO DI NAPOLI,,NAN,NA/Campania,comune/CAP,80016
SCR2871,MARANO DI NAPOLI,,NAN,NA/Campania,comune/CAP,80016
SCR2872,PALMA CAMPANIA,,NAN,NA/Campania,comune/CAP,80036
SCR2873,CASORIA,,NAN,NA/Campania,comune/CAP,80026
SCR2879,CAIVANO,,NAN,NA/Campania,comune/CAP,80023
SCR2894,POZZUOLI,,NAN,NA/Campania,comune/CAP,80078
SCR2903,BEIJING,,CHI,ESTERO,estero,
SCR2908,NOLA,,NAN,NA/Campania,comune/CAP,80035
SCR2922,NAPOLI,,NAN,NA/Campania,comune/CAP,80127
SCR2923,NOLA,,NAN,NA/Campania,comune/CAP,80035
SCR2924,POMPEI,,NAN,NA/Campania,comune/CAP,80045
SCR2925,PALMA CAMPANIA,,NAN,NA/Campania,comune/CAP,80036
SCR2958,SOMMA VESUVIANA,,NAN,NA/Campania,comune/CAP,80049
SCR2970,FIORENTINO,,RSM,Emilia-Romagna (S.Marino),sanmarino,47897
SCR2990,BARCELLONA,,NAN,ESTERO,estero,8034
SCR3018,NOLA,,NAN,NA/Campania,comune/CAP,80035
SCR3029,"IMPRUNETA, Loc. Tavarnuzze",,NAN,FI/Toscana,noto,50023
SCR3045,BEIJNG (CHN),,CHN,ESTERO,estero,100007
SCR3047,CINA REPUBBLICA POPOLARE,,EE,ESTERO,estero,510130
SCR3058,CHAO YANG DISTRICT-BEIJING,,CHN,ESTERO,estero,100016
SCR3070,BEIJING,,NAN,ESTERO,estero,100006
SCR3073,SHANGHAI 200001,,NAN,ESTERO,estero,200001
SCR3080,02-086 WARSZAWIA - POLAND,,NAN,ESTERO,estero,
SCR3097,LIVORNO,,571,LI/Toscana,comune/CAP,57100
SCR3099,FRANKFURT,,EE,ESTERO,estero,1256
SCR3100,OFFENBACH,,DE,ESTERO,estero,
SCR3119,ROMA,,1,RM/Lazio,comune/CAP,100
SCR3122,VILLARREAL,,CAS,ESTERO,estero,
SCR3127,VALENCIA,,NAN,ESTERO,estero,46008
SCR3136,PECHINO,,NAN,ESTERO,estero,
SCR3162,CIMITILE,,NAN,NA/Campania,comune/CAP,80030
SCR3167,SAN PAOLO,,NAN,BS/Lombardia,comune/CAP,
SCR3169,TEMPIO PAUSANIA,Sardegna,OT,SS,comune/CAP,7029
SCR3181,CARBONIA,Sardegna,CI,SU,comune/CAP,9013
SCR3183,NAPOLI,,NAN,NA/Campania,comune/CAP,80100
SCR3279,NAPOLI,,NAN,NA/Campania,comune/CAP,80146
SCR3303,NEW YORK,,NY,ESTERO,estero,10011
SCR3304,WOODBRIDGE,,NAN,ESTERO,estero,
SCR3305,NEW YORK,,NAN,ESTERO,estero,10013
SCR3344,"Tianhe District, Guangzhou",,NAN,ESTERO,estero,510100
SCR3345,SINGAPORE,,EE,ESTERO,estero,367995
SCR3351,MUNCHEN,,NAN,ESTERO,estero,D-8166
SCR3400,PELPLIN,,PL,ESTERO,estero,83-130
SCR3488,NEW YORK,,NY,ESTERO,estero,10003
SCR3657,PARIGI,,NAN,ESTERO,estero,75116
SCR3699,COLLE VAL D'ELSA,,NAN,SI/Toscana,noto,
SCR3715,NEY YORK,,NY,TO/Piemonte,comune/CAP,10065
SCR3716,NEW YORK,,NY,ESTERO,estero,10013
SCR3718,NEW YORK,,NY,ESTERO,estero,10065
SCR3758,NEW YORK,,NAN,ESTERO,estero,
SCR3791,POMPEI,,NAN,NA/Campania,comune/CAP,80045
SCR3800,CITTA DEL VATICANO,,EE,ESTERO,estero,
SCR3801,CITTA DEL VATICANO,,EE,ESTERO,estero,120
SCR3810,TRINITA' D'AGULTU E VIGNOLA,Sardegna,OT,SS,comune/CAP,7038
SCR3816,OLBIA,Sardegna,OT,SS,comune/CAP,7026
SCR3818,FRANCIA,,EE,ESTERO,estero,
SCR3829,CASTELLAMMARE DI STABIA,,NAN,NA/Campania,comune/CAP,80053
SCR3833,KOLN,,DE,ESTERO,estero,50679
SCR3834,DUESSELDORF,,NAN,ESTERO,estero,40547
SCR3836,POTSDAM,,D,ESTERO,estero,14469
SCR3841,PELPLIN - POLAND,,NAN,ESTERO,estero,
SCR3842,SAN PAOLO - BRASILE,,NAN,ESTERO,estero,
SCR3843,PARIS - FRANCE,,NAN,ESTERO,estero,
SCR3844,VILNIUS - LITHUANIA,,NAN,ESTERO,estero,1003
SCR3848,ROLLING HILLS,,NAN,ESTERO,estero,90274
SCR3862,NAPOLI,,NAN,NA/Campania,comune/CAP,80142
SCR3866,VICTORIA,,NAN,ESTERO,estero,3170
SCR3870,Beijing,,EE,ESTERO,estero,100144
SCR3876,NAPOLI,,NAN,NA/Campania,comune/CAP,80100
SCR3880,NAPOLI,,NAN,NA/Campania,comune/CAP,80100
SCR3883,VILLADOLT DI FONTANAFREDDA,,NAN,PN/Friuli-Venezia Giulia,noto,
SCR3889,PORTICI,,NAN,NA/Campania,comune/CAP,80055
SCR3897,Parigi,,NAN,ESTERO,estero,75119
SCR3916,ROAD TOWN,,NAN,ESTERO,estero,1110
SCR3926,CITTA DEL VATICANO,,EE,ESTERO,estero,
SCR3948,BOGOTA',,NAN,ESTERO,estero,
SCR3958,SAN MARINO,,EE,Emilia-Romagna (S.Marino),sanmarino,
SCR3970,Diegaro,,FO,FC/Emilia-Romagna,noto,47020
SCR3983,NEW YORK,,NAN,ESTERO,estero,10021
SCR3990,CASORIA,,NAN,NA/Campania,comune/CAP,80026
SCR3994,MINNEAPOLIS,,NAN,ESTERO,estero,55401
SCR3995,THOUSAND OAKS,,NAN,ESTERO,estero,91320
SCR3996,LONDON,,NAN,ESTERO,estero,SW34LZ
SCR4003,NEW YORK,,NAN,ESTERO,estero,10001
SCR4005,NEW YORK,,NAN,ESTERO,estero,10016
SCR4013,CHAOYANG DISTRICT - BEIJING,,NAN,ESTERO,estero,100000
SCR4014,GIUGLIANO IN CAMPANIA,,NAN,NA/Campania,comune/CAP,80014
SCR4016,NAPOLI,,NAN,NA/Campania,comune/CAP,80100
SCR4024,NAPOLI,,NAN,NA/Campania,comune/CAP,80100
SCR4025,NAPOLI,,NAN,NA/Campania,comune/CAP,80100
SCR4026,CARDITO,,NAN,NA/Campania,comune/CAP,80024
SCR4030,MARANO DI NAPOLI,,NAN,NA/Campania,comune/CAP,80016
SCR4044,STUTTGART,,GER,ESTERO,estero,D-4790
SCR4048,STUTTGART,,GER,ESTERO,estero,70184
SCR4049,BOULDER,,NAN,ESTERO,estero,80303
SCR4059,VARSAVIA,,NAN,ESTERO,estero,344
SCR4087,MUGNANO DI NAPOLI,,NAN,NA/Campania,comune/CAP,80018
SCR4095,NAPOLI,,NAN,NA/Campania,comune/CAP,80100
SCR4096,ACERRA,,NAN,NA/Campania,comune/CAP,80011
SCR4097,HONOLULU,,NAN,ESTERO,estero,98822
SCR4103,CHINA,,NAN,ESTERO,estero,
SCR4120,BRADFORD,,NAN,ESTERO,estero,BD4 0S
SCR4140,NAPOLI,,NAN,NA/Campania,comune/CAP,80100
SCR4144,DARMSTADT,,NAN,ESTERO,estero,64289
SCR4147,PALMA CAMPANIA,,NAN,NA/Campania,comune/CAP,80036
SCR4179,PERRIS,,CAL,ESTERO,estero,92570-
SCR4207,VALENCIA,,NAN,ESTERO,estero,46020
SCR4217,NAPOLI,,NAN,NA/Campania,comune/CAP,80141
SCR4218,NAPOLI (NA),,NAN,NA/Campania,noto,80100
SCR4222,CIMITILE,,NAN,NA/Campania,comune/CAP,80030
SCR4233,NAPOLI,,NAN,NA/Campania,comune/CAP,80100
SCR4238,DARMSTADT,,NAN,ESTERO,estero,
SCR4248,Varsavia,,NAN,ESTERO,estero,55
SCR4251,TEMPIO PAUSANIA,Sardegna,OT,SS,comune/CAP,7029
SCR4254,BEYROUTH,,NAN,ESTERO,estero,50165
SCR4279,HAMBURG,,NAN,ESTERO,estero,22605
SCR4280,VALLENDAR,,NAN,ESTERO,estero,56179
SCR4281,FRANCOFORTE,,NAN,ESTERO,estero,
SCR4283,FRANCOFORTE,,NAN,ESTERO,estero,
SCR4292,CZESTOCHOWA,,NAN,ESTERO,estero,42221
SCR4328,OXFORD,,EE,ESTERO,estero,OX1 3
SCR4329,Marano,,NAN,NA/Campania,noto,80016
SCR4333,SERRAVALLE,,NAN,Emilia-Romagna (S.Marino),sanmarino,
SCR4356,BOGOTA',,EE,ESTERO,estero,
SCR4361,KELSTERBACH,,NAN,ESTERO,estero,65451
SCR4362,DUBAI,,NAN,ESTERO,estero,
SCR4363,BISCHOFSHEIM,,NAN,ESTERO,estero,
SCR4364,CHINA - GUANGZHOU,,NAN,ESTERO,estero,
SCR4365,FRANKENTHAL,,NAN,ESTERO,estero,67227
SCR4369,KIELCE,,NAN,ESTERO,estero,25013
SCR4385,TAMPA FL 33613,,NAN,ESTERO,estero,
SCR4388,CITTA DEL VATICANO,,EE,ESTERO,estero,120
SCR4404,TAIWAN,,NAN,ESTERO,estero,
SCR4405,FRANKFURT,,NAN,ESTERO,estero,60136
SCR4406,BUEDINGEN,,NAN,ESTERO,estero,
SCR4407,FRANKFURT,,NAN,ESTERO,estero,
SCR4408,BANDRA - MUMBAY,,NAN,ESTERO,estero,400050
SCR4440,LUGANO,,EE,ESTERO,estero,
SCR4444,"Colorado Springs, COLORADO",,NAN,ESTERO,estero,80903-
SCR4467,NAPOLI,,NAN,NA/Campania,comune/CAP,80147
SCR4471,ZAGREB,,NAN,ESTERO,estero,10020
SCR4539,LUGANO,,EE,ESTERO,estero,6900
SCR4556,POGGIOMARINO,,NAN,NA/Campania,comune/CAP,80040
SCR4579,HONG KONG DISTRICT,,EE,ESTERO,estero,
SCR4580,AALST,,EE,ESTERO,estero,9300
SCR4582,SAN DIEGO,,EE,ESTERO,estero,92101
SCR4600,PARIS,,EE,ESTERO,estero,75007
SCR4604,NAUCALPAN DE JUAREZ - ESTADO DE MEXICO,,EE,ESTERO,estero,53569
SCR4608,MAINZ,,EE,ESTERO,estero,55129
SCR4646,SAN TEODORO,Sardegna,OT,SS,comune/CAP,8020
SCR4706,PARIS,,EE,ESTERO,estero,60306
TRE0385,vione,,NAN,BS/Lombardia,comune/CAP,
TRE0386,volta mantovana,,NAN,MN/Lombardia,comune/CAP,
TRE0387,zocco di erbusco,,NAN,BS/Lombardia,noto,
CAN00064,NAPOLI,,NAN,NA/Campania,comune/CAP,80125
CAN00069,S.ANASTASIA,,NAN,NA/Campania,comune/CAP,80048
CAN00074,OTTAVIANO,,NAN,NA/Campania,comune/CAP,80044
CAN00113,POLLENA TROCCHIA,,NAN,NA/Campania,comune/CAP,80040
CAN00156,S.GIORGIO A CREMANO,,NAN,NA/Campania,comune/CAP,80046
CAN00329,PORTICI,,NAN,NA/Campania,comune/CAP,80055
CAN00343,PORTICI,,NAN,NA/Campania,comune/CAP,80055
CAN00347,SAN GIORGIO A CREMANO,,NAN,NA/Campania,comune/CAP,80046
CAN00355,NAPOLI,,NAN,NA/Campania,comune/CAP,80126
CAN00359,NAPOLI,,NAN,NA/Campania,comune/CAP,80131
CAN00363,NAPOLI,,NAN,NA/Campania,comune/CAP,80121
CAN00370,GRAGNANO,,NAN,NA/Campania,comune/CAP,80054
CAN00411,SAN GIORGIO A CREMANO,,NAN,NA/Campania,comune/CAP,80046
CAN00421,VICO EQUENSE,,NAN,NA/Campania,comune/CAP,80069
CAN00423,NAPOLI,,NAN,NA/Campania,comune/CAP,80121
CAN00424,QUALIANO,,NAN,NA/Campania,comune/CAP,80019
CAN00425,QUALIANO,,NAN,NA/Campania,comune/CAP,80019
CAN00498,CARLOFORTE,Sardegna,CI,SU,comune/CAP,09014
CAN00501,S.ANTIOCO,Sardegna,CI,SU,comune/CAP,09017
CAN00533,NAPOLI,,NAN,NA/Campania,comune/CAP,80121
CAN00536,TORRE ANNUNZIATA,,NAN,NA/Campania,comune/CAP,80058
CAN00543,S.GIORGIO A CREMANO,,NAN,NA/Campania,comune/CAP,80046
CAN00555,POMPEI E SCAVI,,NAN,NA/Campania,comune/CAP,80045
CAN00557,NAPOLI,,NAN,NA/Campania,comune/CAP,80137
CAN00559,CASALNUOVO DI NAPOLI,,NAN,NA/Campania,comune/CAP,80013
CAN00561,PORTICI,,NAN,NA/Campania,comune/CAP,80055
CAN00562,VICO EQUENSE,,NAN,NA/Campania,comune/CAP,80069
CAN00564,TUFINO,,NAN,NA/Campania,comune/CAP,80030
CAN00566,CASAVATORE,,NAN,NA/Campania,comune/CAP,80020
CAN00569,NAPOLI,,NAN,NA/Campania,comune/CAP,80133
CAN00607,LANUSEI,Sardegna,OG,NU,comune/CAP,08045
CAN00660,NAPOLI,,NAN,NA/Campania,comune/CAP,80121
CAN00686,"60637 - CHICAGO, ILLINOIS",,IL,ESTERO,estero,
CAN00694,S.GIUSEPPE VESUVIANO,,NAN,NA/Campania,comune/CAP,80047
CAN00695,NAPOLI,,NAN,NA/Campania,comune/CAP,80143
CAN00699,LANUSEI,Sardegna,OG,NU,comune/CAP,08045
CAN00700,LANUSEI,Sardegna,OG,NU,comune/CAP,08045
CAN00704,LANUSEI,Sardegna,OG,NU,comune/CAP,08045
CAN00709,ERCOLANO,,NAN,NA/Campania,comune/CAP,80056
CAN00712,NAPOLI,,NAN,NA/Campania,comune/CAP,80141
CAN00715,PORTICI,,NAN,NA/Campania,comune/CAP,80055
CAN00717,LANUSEI,Sardegna,OG,NU,comune/CAP,08045
CAN00721,S.ANTIOCO,Sardegna,CI,SU,comune/CAP,09017
CAN00728,VILLACIDRO,Sardegna,VS,SU,comune/CAP,09039
CAN00734,VICO EQUENSE,,NAN,NA/Campania,comune/CAP,80069
CAN00740,POZZUOLI E CANTIERE,,NAN,NA/Campania,comune/CAP,80078
CAN00749,MONTERUSCIELLO,,NAN,NA/Campania,noto,80070
CAN00774,NAPOLI,,NAN,NA/Campania,comune/CAP,80127
CAN00834,S.GIORGIO A CREMANO,,NAN,NA/Campania,comune/CAP,80046
CAN00939,NOLA,,NAN,NA/Campania,comune/CAP,80035
CAN00970,NAPOLI,,NAN,NA/Campania,comune/CAP,80132
CAN01013,NAPOLI,,NAN,NA/Campania,comune/CAP,80131
CAN01073,NAPOLI,,NAN,NA/Campania,comune/CAP,80123
CAN01120,CASTELLAMMARE DI STABIA,,NAN,NA/Campania,comune/CAP,80053
CAN01145,CASALNUOVO DI NAPOLI,,NAN,NA/Campania,comune/CAP,80013
CAN01147,CASAVATORE,,NAN,NA/Campania,comune/CAP,80020
CAN01149,NAPOLI,,NAN,NA/Campania,comune/CAP,80121
CAN01150,PORTICI,,NAN,NA/Campania,comune/CAP,80055
CAN01151,NAPOLI,,NAN,NA/Campania,comune/CAP,80138
CAN01156,NAPOLI,,NAN,NA/Campania,comune/CAP,80121
CAN01158,AGGIUS,Sardegna,OT,SS,comune/CAP,07020
CAN01212,FISLISBACH,,NAN,ESTERO,estero,05442
CAN01215,MELITO DI NAPOLI,,NAN,NA/Campania,comune/CAP,80017
CAN01218,NAPOLI,,NAN,NA/Campania,comune/CAP,80131
CAN01235,NAPOLI,,NAN,NA/Campania,comune/CAP,80147
CAN01241,NAPOLI,,NAN,NA/Campania,comune/CAP,80131
CAN01246,SANT'AGNELLO,,NAN,NA/Campania,comune/CAP,80065
CAN01253,NAPOLI,,NAN,NA/Campania,comune/CAP,80131
CAN01257,NAPOLI,,NAN,NA/Campania,comune/CAP,80135
CAN01331,HELLERUP,,006,ESTERO,estero,02900
CAN01548,POMIGLIANO D'ARCO,,NAN,NA/Campania,comune/CAP,80038
CAN01555,NAPOLI,,NAN,NA/Campania,comune/CAP,80128
CAN01561,NAPOLI,,NAN,NA/Campania,comune/CAP,80121
CAN01567,NAPOLI,,NAN,NA/Campania,comune/CAP,80136
CAN01569,PERDASDEFOGU,Sardegna,OG,NU,comune/CAP,08046
CAN01581,S.ANTIOCO,Sardegna,CI,SU,comune/CAP,09017
CAN01585,NOLA,,NAN,NA/Campania,comune/CAP,80035
CAN01592,S.PAOLO BEL SITO,,NAN,NA/Campania,comune/CAP,80030
CAN01605,NAPOLI,,NAN,NA/Campania,comune/CAP,80121
CAN01613,TERZIGNO,,NAN,NA/Campania,comune/CAP,80040
CAN01619,CASORIA,,NAN,NA/Campania,comune/CAP,80026
CAN01621,NAPOLI,,NAN,NA/Campania,comune/CAP,80123
CAN01629,NAPOLI,,NAN,NA/Campania,comune/CAP,80121
CAN01632,NAPOLI,,NAN,NA/Campania,comune/CAP,80122
CAN01652,TORRE DEL GRECO,,NAN,NA/Campania,comune/CAP,80059
CAN01656,CASTELLAMMARE DI STABIA,,NAN,NA/Campania,comune/CAP,80053
CAN01664,PORTICI,,NAN,NA/Campania,comune/CAP,80055
CAN01699,SAMASSI,Sardegna,VS,SU,comune/CAP,09030
CAN01716,JERZU,Sardegna,OG,NU,comune/CAP,08044
CAN01844,NAPOLI,,NAN,NA/Campania,comune/CAP,80126
CAN01845,SORRENTO,,NAN,NA/Campania,comune/CAP,80067
CAN01846,TORRE DEL GRECO,,NAN,NA/Campania,comune/CAP,80059
CAN01848,S.GIORGIO A CREMANO,,NAN,NA/Campania,comune/CAP,80046
CAN01849,S.GIORGIO A CREMANO,,NAN,NA/Campania,comune/CAP,80046
CAN01850,S.GIORGIO A CREMANO,,NAN,NA/Campania,comune/CAP,80046
CAN01851,NAPOLI,,NAN,NA/Campania,comune/CAP,80141
CAN01852,PIANO DI SORRENTO,,NAN,NA/Campania,comune/CAP,80063
CAN01853,MASSA LUBRENSE,,NAN,NA/Campania,comune/CAP,80061
CAN01854,CASORIA,,NAN,NA/Campania,comune/CAP,80026
CAN01855,MUGNANO DI NAPOLI,,NAN,NA/Campania,comune/CAP,80018
CAN01856,NAPOLI,,NAN,NA/Campania,comune/CAP,80127
CAN01857,NAPOLI,,NAN,NA/Campania,comune/CAP,80147
CAN01861,NAPOLI,,NAN,NA/Campania,comune/CAP,80125
CAN01862,NAPOLI,,NAN,NA/Campania,comune/CAP,80141
CAN01873,NOLA,,NAN,NA/Campania,comune/CAP,80035
CAN01878,CASORIA,,NAN,NA/Campania,comune/CAP,80026
CAN01879,AMSTERDAM,,NL,ESTERO,estero,01019
CAN01881,S.MARIA LA BRUNA,,NAN,NA/Campania,comune/CAP,80040
CAN01883,MARIGLIANELLA,,NAN,NA/Campania,comune/CAP,80030
CAN01899,AMSTERDAM-C,,NAN,ESTERO,estero,
CAN01900,WEST-GERMANY,,NAN,ESTERO,estero,
CAN01902,"MONTREAL,QUEBEC H3C 3J7",,NAN,ESTERO,estero,
CAN01945,TERTENIA,Sardegna,OG,NU,comune/CAP,08047
CAN01997,PORTICI,,NAN,NA/Campania,comune/CAP,80055
CAN01999,NAPOLI,,NAN,NA/Campania,comune/CAP,80121
CAN02002,NAPOLI,,NAN,NA/Campania,comune/CAP,80138
CAN02010,BOSCOTRECASE,,NAN,NA/Campania,comune/CAP,80042
CAN02013,S.ANASTASIA,,NAN,NA/Campania,comune/CAP,80048
CAN02015,S.ANASTASIA,,NAN,NA/Campania,comune/CAP,80048
CAN02017,S.ANASTASIA,,NAN,NA/Campania,comune/CAP,80048
CAN02030,TORTOLI',Sardegna,OG,NU,comune/CAP,08048
CAN02036,F- 75272 PARIS CEDEX 06,,NAN,ESTERO,estero,
CAN02052,28777   BREMEN-RONNEBECK,,NAN,ESTERO,estero,
CAN02115,NAPOLI,,NAN,NA/Campania,comune/CAP,80146
CAN02118,"HOUSTON, TEXAS 77251-1892",,NAN,ESTERO,estero,
CAN02124,NAPOLI,,NAN,NA/Campania,comune/CAP,80136
CAN02140,5 KOLN 1 - GERMANY,,NAN,ESTERO,estero,
CAN02159,CARDITO,,NAN,NA/Campania,comune/CAP,80024
CAN02242,NAPOLI,,NAN,NA/Campania,comune/CAP,80129
CAN02279,NAPOLI,,NAN,NA/Campania,comune/CAP,80126
CAN02305,CARBONIA CENTRO,Sardegna,CI,SU,comune/CAP,09013
CAN02314,LANUSEI,Sardegna,OG,NU,comune/CAP,08045
CAN02320,CARBONIA CENTRO,Sardegna,CI,SU,comune/CAP,09013
CAN02328,TORTOLI',Sardegna,OG,NU,comune/CAP,08048
CAN02338,TORRE ANNUNZIATA,,NAN,NA/Campania,comune/CAP,80058
CAN02347,NAPOLI,,NAN,NA/Campania,comune/CAP,80121
CAN02357,CERCOLA,,NAN,NA/Campania,comune/CAP,80040
CAN02371,NAPOLI,,NAN,NA/Campania,comune/CAP,80135
CAN02383,S.GIORGIO A CREMANO,,NAN,NA/Campania,comune/CAP,80046
CAN02384,S.GIORGIO A CREMANO,,NAN,NA/Campania,comune/CAP,80046
CAN02393,NAPOLI,,NAN,NA/Campania,comune/CAP,80135
CAN02394,NAPOLI,,NAN,NA/Campania,comune/CAP,80135
CAN02396,NAPOLI,,NAN,NA/Campania,comune/CAP,80127
CAN02397,NAPOLI,,NAN,NA/Campania,comune/CAP,80128
CAN02398,NAPOLI,,NAN,NA/Campania,comune/CAP,80133
CAN02400,NAPOLI,,NAN,NA/Campania,comune/CAP,80135
CAN02423,NAPOLI,,NAN,NA/Campania,comune/CAP,80101
CAN02456,S.ANTIOCO,Sardegna,CI,SU,comune/CAP,09017
CAN02465,TEMPIO PAUSANIA,Sardegna,OT,SS,comune/CAP,07029
CAN02466,NAPOLI,,NAN,NA/Campania,comune/CAP,80121
CAN02479,CASORIA,,NAN,NA/Campania,comune/CAP,80026
CAN02487,NAPOLI,,NAN,NA/Campania,comune/CAP,80121
CAN02497,NAPOLI,,NAN,NA/Campania,comune/CAP,80121
CAN02503,NAPOLI,,NAN,NA/Campania,comune/CAP,80147
CAN02506,NAPOLI,,NAN,NA/Campania,comune/CAP,80139
CAN02553,PORTICI,,NAN,NA/Campania,comune/CAP,80055
CAN02560,S.ANASTASIA,,NAN,NA/Campania,comune/CAP,80048
CAN02693,CASORIA,,NAN,NA/Campania,comune/CAP,80026
CAN02697,S.GIORGIO A CREMANO,,NAN,NA/Campania,comune/CAP,80046
CAN02703,NAPOLI,,NAN,NA/Campania,comune/CAP,80133
CAN02724,PORTICI,,NAN,NA/Campania,comune/CAP,80055
CAN02729,PORTICI,,NAN,NA/Campania,comune/CAP,80055
CAN02742,ACERRA,,NAN,NA/Campania,comune/CAP,80011
CAN02745,ERCOLANO,,NAN,NA/Campania,comune/CAP,80056
CAN02753,PORTICI,,NAN,NA/Campania,comune/CAP,80055
CAN02758,OTTAVIANO,,NAN,NA/Campania,comune/CAP,80044
CAN02761,BOSCOTRECASE,,NAN,NA/Campania,comune/CAP,80042
CAN02763,NAPOLI,,NAN,NA/Campania,comune/CAP,80126
CAN02765,CARDITO,,NAN,NA/Campania,comune/CAP,80024
CAN02766,NAPOLI,,NAN,NA/Campania,comune/CAP,80125
CAN02893,MARIGLIANO,,NAN,NA/Campania,comune/CAP,80034
CAN02900,NAPOLI,,NAN,NA/Campania,comune/CAP,80125
CAN02907,NAPOLI,,NAN,NA/Campania,comune/CAP,80122
CAN02925,AUSTIN TEXAS 78712,,TX,ESTERO,estero,
CAN02926,NAPOLI,,NAN,NA/Campania,comune/CAP,80122
CAN02969,ERCOLANO,,NAN,NA/Campania,comune/CAP,80056
CAN03010,NAPOLI,,NAN,NA/Campania,comune/CAP,80124
CAN03020,PALMA CAMPANIA,,NAN,NA/Campania,comune/CAP,80036
CAN03031,S.AGATA SUI DUE GOLFI,,NAN,NA/Campania,noto,80064
CAN03035,NAPOLI,,NAN,NA/Campania,comune/CAP,80122
CAN03139,NAPOLI,,NAN,NA/Campania,comune/CAP,80134
CAN03142,POGGIOMARINO,,NAN,NA/Campania,comune/CAP,80040
CAN03273,28013 - MADRID,,10,ESTERO,estero,
CAN03290,TORTOLI',Sardegna,OG,NU,comune/CAP,08048
CAN03294,CALANGIANUS,Sardegna,OT,SS,comune/CAP,07023
CAN03315,TEMPIO PAUSANIA,Sardegna,OT,SS,comune/CAP,07029
CAN03317,IGLESIAS,Sardegna,CI,SU,comune/CAP,09016
CAN03387,IGLESIAS,Sardegna,CI,SU,comune/CAP,09016
CAN03389,CARBONIA CENTRO,Sardegna,CI,SU,comune/CAP,09013
CAN03504,CAIVANO,,NAN,NA/Campania,comune/CAP,80023
CAN03530,NEW YORK,,NAN,ESTERO,estero,
CAN03559,"WINNIPEG, MB, R3T 2N2",,NAN,ESTERO,estero,
CAN03560,2000 ANTWERPEN,,NAN,ESTERO,estero,
CAN03562,SP-28013 MADRID,,NAN,ESTERO,estero,
CAN03670,NAPOLI,,NAN,NA/Campania,comune/CAP,80137
CAN03676,NAPOLI,,NAN,NA/Campania,comune/CAP,80134
CAN03678,POZZUOLI E CANTIERE,,NAN,NA/Campania,comune/CAP,80078
CAN03681,SAN GIORGIO A CREMANO,,NAN,NA/Campania,comune/CAP,80046
CAN03685,NAPOLI,,NAN,NA/Campania,comune/CAP,80121
CAN03691,SAN GIORGIO A CREMANO,,NAN,NA/Campania,comune/CAP,80046
CAN03721,URZULEI,Sardegna,OG,NU,comune/CAP,08040
CAN03738,TEMPIO PAUSANIA,Sardegna,OT,SS,comune/CAP,07029
CAN03741,TEMPIO PAUSANIA,Sardegna,OT,SS,comune/CAP,07029
CAN03745,PORTO CERVO,Sardegna,OT,SS,comune/CAP,07020
CAN03849,ERCOLANO,,NAN,NA/Campania,comune/CAP,80056
CAN03853,GRAGNANO,,NAN,NA/Campania,comune/CAP,80054
CAN03865,AFRAGOLA,,NAN,NA/Campania,comune/CAP,80021
CAN03870,TORRE DEL GRECO,,NAN,NA/Campania,comune/CAP,80059
CAN03874,S.GIORGIO A CREMANO,,NAN,NA/Campania,comune/CAP,80046
CAN03885,GIUGLIANO IN CAMPANIA,,NAN,NA/Campania,comune/CAP,80014
CAN03892,S.SEBASTIANO AL VESUVIO,,NAN,NA/Campania,comune/CAP,80040
CAN03902,NAPOLI,,NAN,NA/Campania,comune/CAP,80100
CAN03903,NAPOLI,,NAN,NA/Campania,comune/CAP,80131
CAN03904,NAPOLI,,NAN,NA/Campania,comune/CAP,80122
CAN03918,S.GIORGIO A CREMANO,,NAN,NA/Campania,comune/CAP,80046
CAN03939,IGLESIAS,Sardegna,CI,SU,comune/CAP,09016
CAN03943,IGLESIAS,Sardegna,CI,SU,comune/CAP,09016
CAN03957,ERCOLANO,,NAN,NA/Campania,comune/CAP,80056
CAN03982,POZZUOLI E CANTIERE,,NAN,NA/Campania,comune/CAP,80078
CAN03987,S.ANASTASIA,,NAN,NA/Campania,comune/CAP,80048
CAN03990,NAPOLI,,NAN,NA/Campania,comune/CAP,80132
CAN04014,VISCIANO,,NAN,NA/Campania,comune/CAP,80030
CAN04125,NAPOLI,,NAN,NA/Campania,comune/CAP,80141
CAN04128,MARIGLIANO,,NAN,NA/Campania,comune/CAP,80034
CAN04149,PIANURA,,NAN,NA/Campania,noto,80126
CAN04162,SORRENTO,,NAN,NA/Campania,comune/CAP,80067
CAN04176,PORTICI,,NAN,NA/Campania,comune/CAP,80055
CAN04179,POMPEI E SCAVI,,NAN,NA/Campania,comune/CAP,80045
CAN04205,NAPOLI,,NAN,NA/Campania,comune/CAP,80132
CAN04210,NAPOLI,,NAN,NA/Campania,comune/CAP,80136
CAN04212,S.GIORGIO A CREMANO,,NAN,NA/Campania,comune/CAP,80046
CAN04216,PORTICI,,NAN,NA/Campania,comune/CAP,80055
CAN04219,PORTICI,,NAN,NA/Campania,comune/CAP,80055
CAN04223,NAPOLI,,NAN,NA/Campania,comune/CAP,80146
CAN04225,PORTICI,,NAN,NA/Campania,comune/CAP,80055
CAN04227,TORRE ANNUNZIATA,,NAN,NA/Campania,comune/CAP,80058
CAN04230,SORRENTO,,NAN,NA/Campania,comune/CAP,80067
CAN04233,NAPOLI,,NAN,NA/Campania,comune/CAP,80121
CAN04234,NAPOLI,,NAN,NA/Campania,comune/CAP,80126
CAN04235,NAPOLI,,NAN,NA/Campania,comune/CAP,80123
CAN04236,NAPOLI,,NAN,NA/Campania,comune/CAP,80128
CAN04239,QUARTO,,NAN,NA/Campania,comune/CAP,80010
CAN04241,NAPOLI,,NAN,NA/Campania,comune/CAP,80143
CAN04244,NAPOLI,,NAN,NA/Campania,comune/CAP,80125
CAN04249,CASORIA,,NAN,NA/Campania,comune/CAP,80026
CAN04254,ERCOLANO,,NAN,NA/Campania,comune/CAP,80056
CAN04261,NAPOLI,,NAN,NA/Campania,comune/CAP,80136
CAN04263,ANACAPRI,,NAN,NA/Campania,noto,80071
CAN04266,NAPOLI,,NAN,NA/Campania,comune/CAP,80131
CAN04276,DOMUSNOVAS,Sardegna,CI,SU,comune/CAP,09015
CAN04279,IGLESIAS,Sardegna,CI,SU,comune/CAP,09016
CAN04283,GUSPINI,Sardegna,VS,SU,comune/CAP,09036
CAN04285,EDINBURGH EH1 1EH SCOTLAND,,NAN,ESTERO,estero,
CAN04289,EDINBURGH EH2 1JQ - SCOTLAND,,NAN,ESTERO,estero,
CAN04294,CUREGLIA              6944,,NAN,ESTERO,estero,
CAN04319,PARIS,,NAN,ESTERO,estero,75015
CAN04323,"BRYN MAWR, PA 19010",,NAN,ESTERO,estero,
CAN04325,"EVANSTON,ILLINOIS 60208-2300",,NAN,ESTERO,estero,
CAN04333,TRIER,,10,ESTERO,estero,05500
CAN04342,NAPOLI,,NAN,NA/Campania,comune/CAP,80123
CAN04373,TORRE DEL GRECO,,NAN,NA/Campania,comune/CAP,80059
CAN04490,TORRE DEL GRECO,,NAN,NA/Campania,comune/CAP,80059
CAN04502,NAPOLI,,NAN,NA/Campania,comune/CAP,80141
CAN04507,S.SEBASTIANO AL VESUVIO,,NAN,NA/Campania,comune/CAP,80040
CAN04522,PORTICI,,NAN,NA/Campania,comune/CAP,80055
CAN04529,6002  LUZERN,,NAN,ESTERO,estero,
CAN04533,NAPOLI,,NAN,NA/Campania,comune/CAP,80129
CAN04539,BOSCOREALE,,NAN,ESTERO,estero,80041
CAN04541,NAPOLI,,NAN,NA/Campania,comune/CAP,80131
CAN04544,TORRE DEL GRECO,,NAN,NA/Campania,comune/CAP,80059
CAN04545,TRECASE,,NAN,NA/Campania,comune/CAP,80040
CAN04547,MARANO DI NAPOLI,,NAN,NA/Campania,comune/CAP,80016
CAN04551,110049  NEW  DELHI,,NAN,ESTERO,estero,
CAN04552,PORTICI,,NAN,NA/Campania,comune/CAP,80055
CAN04557,NAPOLI,,NAN,NA/Campania,comune/CAP,80121
CAN04565,NAPOLI,,NAN,NA/Campania,comune/CAP,80126
CAN04586,NAPOLI,,NAN,NA/Campania,comune/CAP,80133
CAN04589,PORTICI,,NAN,NA/Campania,comune/CAP,80055
CAN04591,TORRE ANNUNZIATA,,NAN,NA/Campania,comune/CAP,80058
CAN04593,NAPOLI,,NAN,NA/Campania,comune/CAP,80121
CAN04611,MARANO DI NAPOLI,,NAN,NA/Campania,comune/CAP,80016
CAN04620,NAPOLI,,NAN,NA/Campania,comune/CAP,80136
CAN04700,NAPOLI,,NAN,NA/Campania,comune/CAP,80134
CAN04729,VIENNA,,K,ESTERO,estero,01010
CAN04762,LONDON SW3 2ED,,NAN,ESTERO,estero,
CAN04803,906 51 UMEA,,NAN,ESTERO,estero,
CAN04828,"OTTAWA,  ONTARIO K1V 6Y3",,NAN,ESTERO,estero,
CAN04881,PORTICI,,NAN,NA/Campania,comune/CAP,80055
CAN04893,NAPOLI,,NAN,NA/Campania,comune/CAP,80132
CAN04905,NAPOLI,,NAN,NA/Campania,comune/CAP,80131
CAN04912,PORTICI,,NAN,NA/Campania,comune/CAP,80055
CAN04917,NAPOLI,,NAN,NA/Campania,comune/CAP,80127
CAN04927,PORTICI,,NAN,NA/Campania,comune/CAP,80055
CAN04931,1070  BRUXELLES,,NAN,ESTERO,estero,
CAN04933,S.ANTONIO ABATE,,NAN,NA/Campania,comune/CAP,80057
CAN04936,NAPOLI,,NAN,NA/Campania,comune/CAP,80128
CAN04948,AFRAGOLA,,NAN,NA/Campania,comune/CAP,80021
CAN04955,PONTICELLI,,NAN,NA/Campania,noto,80147
CAN04958,1040  BRUXELLES,,NAN,ESTERO,estero,
CAN04961,NAPOLI,,NAN,NA/Campania,comune/CAP,80123
CAN04964,NAPOLI,,NAN,NA/Campania,comune/CAP,80143
CAN04970,NAPOLI,,NAN,NA/Campania,comune/CAP,80123
CAN04972,NAPOLI,,NAN,NA/Campania,comune/CAP,80144
CAN04973,NAPOLI,,NAN,NA/Campania,comune/CAP,80123
CAN04975,NAPOLI,,NAN,NA/Campania,comune/CAP,80123
CAN04979,NAPOLI,,NAN,NA/Campania,comune/CAP,80137
CAN04982,NAPOLI,,NAN,NA/Campania,comune/CAP,80139
CAN04987,NAPOLI,,NAN,NA/Campania,comune/CAP,80144
CAN04992,NAPOLI,,NAN,NA/Campania,comune/CAP,80129
CAN04995,NAPOLI,,NAN,NA/Campania,comune/CAP,80144
CAN04998,NAPOLI,,NAN,NA/Campania,comune/CAP,80144
CAN05038,NAPOLI,,NAN,NA/Campania,comune/CAP,80139
CAN05040,CARDITO,,NAN,NA/Campania,comune/CAP,80024
CAN05043,NOLA,,NAN,NA/Campania,comune/CAP,80035
CAN05045,CASTELLAMMARE DI STABIA,,NAN,NA/Campania,comune/CAP,80053
CAN05047,S.GIORGIO A CREMANO,,NAN,NA/Campania,comune/CAP,80046
CAN05049,ERCOLANO,,NAN,NA/Campania,comune/CAP,80056
CAN05111,6710 FRANKENTHAL,,NAN,ESTERO,estero,
CAN05131,6000 CHARLEROI,,NAN,ESTERO,estero,
CAN05148,MASSAQUANO,,NAN,NA/Campania,noto,80060
CAN05155,POMPEI E SCAVI,,NAN,NA/Campania,comune/CAP,80045
CAN05161,TORRE ANNUNZIATA,,NAN,NA/Campania,comune/CAP,80058
CAN05256,SORRENTO,,NAN,NA/Campania,comune/CAP,80067
CAN05270,CARDITO,,NAN,NA/Campania,comune/CAP,80024
CAN05343,S.GIORGIO A CREMANO,,NAN,NA/Campania,comune/CAP,80046
CAN05350,NAPOLI,,NAN,NA/Campania,comune/CAP,80136
CAN05353,NAPOLI,,NAN,NA/Campania,comune/CAP,80123
CAN05356,POZZUOLI,,NAN,NA/Campania,comune/CAP,80078
CAN05368,SANTIAGO DE COMPOSTELA,,NAN,ESTERO,estero,
CAN05374,TALENCE    CEDEX      33405,,NAN,ESTERO,estero,
CAN05379,TOULON CEDEX,,83,ESTERO,estero,83056
CAN05403,NAPOLI,,NAN,NA/Campania,comune/CAP,80132
CAN05419,TORTOLI',Sardegna,OG,NU,comune/CAP,08048
CAN05421,TORTOLI',Sardegna,OG,NU,comune/CAP,08048
CAN05423,TORTOLI',Sardegna,OG,NU,comune/CAP,08048
CAN05458,1015 LAUSANNE-DORIGNY,,NAN,ESTERO,estero,
CAN05461,84000 AVIGNON,,NAN,ESTERO,estero,
CAN05464,BRUXELLEX               1180,,NAN,ESTERO,estero,
CAN05477,BRUXELLES              1040,,NAN,ESTERO,estero,
CAN05512,3000 LEUVEN,,NAN,ESTERO,estero,
CAN05515,SAARBRUCKEN,,10,ESTERO,estero,06600
CAN05519,LOCARNO                6600,,NAN,ESTERO,estero,
CAN05523,CHIASSO                 6830,,NAN,ESTERO,estero,
CAN05531,67001 STRASBOURG  CEDEX,,NAN,ESTERO,estero,
CAN05548,67006 STRASBOURG CEDEX,,NAN,ESTERO,estero,
CAN05559,NANCY CEDEX           54001,,NAN,ESTERO,estero,
CAN05566,PROCIDA,,NAN,NA/Campania,comune/CAP,80079
CAN05584,QUALIANO,,NAN,NA/Campania,comune/CAP,80019
CAN05588,NAPOLI,,NAN,NA/Campania,comune/CAP,80128
CAN05590,QUARTO,,NAN,NA/Campania,comune/CAP,80010
CAN05593,NAPOLI,,NAN,NA/Campania,comune/CAP,80129
CAN05596,NAPOLI,,NAN,NA/Campania,comune/CAP,80129
CAN05598,103 90   STOCKHOLM,,NAN,ESTERO,estero,
CAN05599,SECONDIGLIANO,,NAN,NA/Campania,noto,80144
CAN05601,NAPOLI,,NAN,NA/Campania,comune/CAP,80147
CAN05606,S.GIOVANNI A TEDUCCIO,,NAN,NA/Campania,noto,80146
CAN05608,S.GIUSEPPE VESUVIANO,,NAN,NA/Campania,comune/CAP,80047
CAN05611,NAPOLI,,NAN,NA/Campania,comune/CAP,80141
CAN05617,NAPOLI,,NAN,NA/Campania,comune/CAP,80133
CAN05636,S.GIORGIO A CREMANO,,NAN,NA/Campania,comune/CAP,80046
CAN05641,F.75008   PARIS,,NAN,ESTERO,estero,
CAN05646,A-1011  WIEN,,NAN,ESTERO,estero,
CAN05649,PORTICI,,NAN,NA/Campania,comune/CAP,80055
CAN05654,NAPOLI,,NAN,NA/Campania,comune/CAP,80141
CAN05656,NAPOLI,,NAN,NA/Campania,comune/CAP,80129
CAN05662,NAPOLI,,NAN,NA/Campania,comune/CAP,80129
CAN05665,NAPOLI,,NAN,NA/Campania,comune/CAP,80128
CAN05678,NAPOLI,,NAN,NA/Campania,comune/CAP,80131
CAN05681,SECONDIGLIANO,,NAN,NA/Campania,noto,80144
CAN05689,2610  ANTWERPEN WILRIJK,,NAN,ESTERO,estero,
CAN05702,RONDEBOSCH  7700,,NAN,ESTERO,estero,
CAN05720,IGLESIAS,Sardegna,CI,SU,comune/CAP,09016
CAN05723,SAN GIOVANNI SUERGIU,Sardegna,CI,SU,comune/CAP,09010
CAN05731,CASAVATORE,,NAN,NA/Campania,comune/CAP,80020
CAN05733,NAPOLI,,NAN,NA/Campania,comune/CAP,80131
CAN05735,NAPOLI,,NAN,NA/Campania,comune/CAP,80147
CAN05736,NAPOLI,,NAN,NA/Campania,comune/CAP,80129
CAN05740,"SHATIN,NEW TERRITORIES",,NAN,ESTERO,estero,
CAN05746,PONTICELLI,,NAN,NA/Campania,noto,80147
CAN05750,PORTICI,,NAN,NA/Campania,comune/CAP,80055
CAN05768,NAPOLI,,NAN,NA/Campania,comune/CAP,80129
CAN05771,S.ANASTASIA,,NAN,NA/Campania,comune/CAP,80048
CAN05856,ATENE,,NAN,ESTERO,estero,
CAN05886,NAPOLI,,NAN,NA/Campania,comune/CAP,80138
CAN05901,PORTICI,,NAN,NA/Campania,comune/CAP,80055
CAN05913,NAPOLI,,NAN,NA/Campania,comune/CAP,80136
CAN05930,SORRENTO,,NAN,NA/Campania,comune/CAP,80067
CAN05932,META,,NAN,NA/Campania,comune/CAP,80062
CAN05937,NAPOLI,,NAN,NA/Campania,comune/CAP,80144
CAN05938,S.ANTIMO,,NAN,NA/Campania,comune/CAP,80029
CAN06166,2000 ANTWERPEN,,NAN,ESTERO,estero,
CAN06172,28038 MADRID,,NAN,ESTERO,estero,
CAN06176,PONTEVEDRA             36080,,NAN,ESTERO,estero,
CAN06452,LIVERI,,NAN,NA/Campania,comune/CAP,80030
CAN06457,POZZUOLI E CANTIERE,,NAN,NA/Campania,comune/CAP,80078
CAN06502,PROCIDA,,NAN,NA/Campania,comune/CAP,80079
CAN06536,SORRENTO,,NAN,NA/Campania,comune/CAP,80067
CAN06541,NAPOLI,,NAN,NA/Campania,comune/CAP,80129
CAN06544,PROCIDA,,NAN,NA/Campania,comune/CAP,80079
CAN06554,S.GIORGIO A CREMANO,,NAN,NA/Campania,comune/CAP,80046
CAN06567,NAPOLI,,NAN,NA/Campania,comune/CAP,80124
CAN06592,S.ANTIMO,,NAN,NA/Campania,comune/CAP,80029
CAN06596,NAPOLI,,NAN,NA/Campania,comune/CAP,80129
CAN06600,FRATTAMAGGIORE,,NAN,NA/Campania,comune/CAP,80027
CAN06732,NAPOLI,,NAN,NA/Campania,comune/CAP,80143
CAN06755,NAPOLI,,NAN,NA/Campania,comune/CAP,80143
CAN06905,NAPOLI,,NAN,NA/Campania,comune/CAP,80141
CAN07407,SCISCIANO,,NAN,NA/Campania,comune/CAP,80030
CAN07418,NAPOLI,,NAN,NA/Campania,comune/CAP,80144
CAN07437,MUGNANO DI NAPOLI,,NAN,NA/Campania,comune/CAP,80018
CAN07442,SANT'ANASTASIA,,NAN,NA/Campania,comune/CAP,80048
CAN07458,OTTAVIANO,,NAN,NA/Campania,comune/CAP,80044
CAN07464,BOSCOREALE,,NAN,ESTERO,estero,80041
CAN07466,GIUGLIANO IN CAMPANIA,,NAN,NA/Campania,comune/CAP,80014
CAN07471,SANT'ANASTASIA,,NAN,NA/Campania,comune/CAP,80048
CAN07474,NAPOLI,,NAN,NA/Campania,comune/CAP,80147
CAN07480,S.ANTIMO,,NAN,NA/Campania,comune/CAP,80029
CAN07481,SORRENTO,,NAN,NA/Campania,comune/CAP,80067
CAN07488,NAPOLI,,NAN,NA/Campania,comune/CAP,80131
CAN07492,POZZUOLI E CANTIERE,,NAN,NA/Campania,comune/CAP,80078
CAN07495,S.GIORGIO A CREMANO,,NAN,NA/Campania,comune/CAP,80046
CAN07530,MUGNANO DI NAPOLI,,NAN,NA/Campania,comune/CAP,80018
CAN07532,NAPOLI,,NAN,NA/Campania,comune/CAP,80145
CAN07533,S.SEBASTIANO AL VESUVIO,,NAN,NA/Campania,comune/CAP,80040
CAN07539,NAPOLI,,NAN,NA/Campania,comune/CAP,80144
CAN07541,S.AGATA SUI DUE GOLFI,,NAN,NA/Campania,noto,80064
CAN07542,VILLARICCA,,NAN,NA/Campania,comune/CAP,80010
CAN07546,NAPOLI,,NAN,NA/Campania,comune/CAP,80126
CAN07548,PONTICELLI,,NAN,NA/Campania,noto,80147
CAN07549,TORRE DEL GRECO,,NAN,NA/Campania,comune/CAP,80059
CAN07550,PORTICI,,NAN,NA/Campania,comune/CAP,80055
CAN07551,S.GIORGIO A CREMANO,,NAN,NA/Campania,comune/CAP,80046
CAN07552,S.GIORGIO A CREMANO,,NAN,NA/Campania,comune/CAP,80046
CAN07553,PORTICI,,NAN,NA/Campania,comune/CAP,80055
CAN07554,ERCOLANO,,NAN,NA/Campania,comune/CAP,80056
CAN07556,NAPOLI,,NAN,NA/Campania,comune/CAP,80131
CAN07557,ATRIPALDA,,NAN,AV/Campania,comune/CAP,83042
CAN07558,NAPOLI,,NAN,NA/Campania,comune/CAP,80145
CAN07559,NAPOLI,,NAN,NA/Campania,comune/CAP,80131
CAN07561,SETTIMO S.PIETRO,Sardegna,VS,CA,comune/CAP,09040
CAN07592,AFRAGOLA,,NAN,NA/Campania,comune/CAP,80021
CAN07596,AFRAGOLA,,NAN,NA/Campania,comune/CAP,80021
CAN07623,CAIVANO,,NAN,NA/Campania,comune/CAP,80023
CAN07625,FRANKFURT M.,,NAN,ESTERO,estero,06000
CAN07676,ERCOLANO,,NAN,NA/Campania,comune/CAP,80056
CAN07681,ERCOLANO,,NAN,NA/Campania,comune/CAP,80056
CAN07686,POMIGLIANO D'ARCO,,NAN,NA/Campania,comune/CAP,80038
CAN07694,S.GIORGIO A CREMANO,,NAN,NA/Campania,comune/CAP,80046
CAN07699,NAPOLI,,NAN,NA/Campania,comune/CAP,80121
CAN07703,SORRENTO,,NAN,NA/Campania,comune/CAP,80067
CAN07707,NAPOLI,,NAN,NA/Campania,comune/CAP,80121
CAN07712,NAPOLI,,NAN,NA/Campania,comune/CAP,80136
CAN07718,NAPOLI,,NAN,NA/Campania,comune/CAP,80131
CAN07719,S.GIORGIO A CREMANO,,NAN,NA/Campania,comune/CAP,80046
CAN07720,S.GIORGIO A CREMANO,,NAN,NA/Campania,comune/CAP,80046
CAN07722,NAPOLI,,NAN,NA/Campania,comune/CAP,80125
CAN07725,NAPOLI,,NAN,NA/Campania,comune/CAP,80138
CAN07727,CASTELLAMMARE DI STABIA,,NAN,NA/Campania,comune/CAP,80053
CAN07730,NAPOLI,,NAN,NA/Campania,comune/CAP,80124
CAN07735,NAPOLI,,NAN,NA/Campania,comune/CAP,80139
CAN07738,PORTICI,,NAN,NA/Campania,comune/CAP,80055
CAN07759,N.Y. 10003 NEW YORK,,NAN,ESTERO,estero,
CAN07760,CASORIA,,NAN,NA/Campania,comune/CAP,80026
CAN07762,ERCOLANO,,NAN,NA/Campania,comune/CAP,80056
CAN07765,AFRAGOLA,,NAN,NA/Campania,comune/CAP,80021
CAN07777,NAPOLI,,NAN,NA/Campania,comune/CAP,80133
CAN07785,NAPOLI,,NAN,NA/Campania,comune/CAP,80133
CAN07856,NAPOLI,,NAN,NA/Campania,comune/CAP,80142
CAN07919,TERZIGNO,,NAN,NA/Campania,comune/CAP,80040
CAN07946,ISCHIA,,NAN,NA/Campania,comune/CAP,80070
CAN07948,VILLARICCA,,NAN,NA/Campania,comune/CAP,80010
CAN07960,OTTAVIANO,,NAN,NA/Campania,comune/CAP,80044
CAN07964,S.GIORGIO A CREMANO,,NAN,NA/Campania,comune/CAP,80046
CAN07970,NAPOLI,,NAN,NA/Campania,comune/CAP,80147
CAN07975,NAPOLI,,NAN,NA/Campania,comune/CAP,80128
CAN07977,NAPOLI,,NAN,NA/Campania,comune/CAP,80145
CAN07979,NAPOLI,,NAN,NA/Campania,comune/CAP,80123
CAN07983,NAPOLI,,NAN,NA/Campania,comune/CAP,80131
CAN07986,NAPOLI,,NAN,NA/Campania,comune/CAP,80121
CAN07987,NAPOLI,,NAN,NA/Campania,comune/CAP,80133
CAN07988,S.ANTONIO ABATE,,NAN,NA/Campania,comune/CAP,80057
CAN08103,LOUVAIN-LA NEUVE,,BE,ESTERO,estero,
CAN08112,PARIS 2,,75,ESTERO,estero,
CAN08118,WASHINGTON  D.C.,,WA,ESTERO,estero,20003
CAN08135,PARIS,,75,ESTERO,estero,
CAN08139,PARIS VI,,75,ESTERO,estero,
CAN08161,T R I E R               5500,,NAN,ESTERO,estero,
CAN08259,REPUBBLICA DI SAN MARINO,,NAN,Emilia-Romagna (S.Marino),sanmarino,47890
CAN08267,LA MADDALENA,Sardegna,OT,SS,comune/CAP,07024
CAN08294,NAPOLI,,NAN,NA/Campania,comune/CAP,80131
CAN08300,NAPOLI,,NAN,NA/Campania,comune/CAP,80100
CAN08490,FORIO,,NAN,NA/Campania,noto,80075
CAN08520,PORTICI,,NAN,NA/Campania,comune/CAP,80055
CAN08542,GRUMO NEVANO,,NAN,NA/Campania,comune/CAP,80028
CAN08571,NAPOLI,,NAN,NA/Campania,comune/CAP,80133
CAN08572,MARIGLIANELLA,,NAN,NA/Campania,comune/CAP,80030
CAN08574,S.SEBASTIANO AL VESUVIO,,NAN,NA/Campania,comune/CAP,80040
CAN08576,S.MARIA LA BRUNA,,NAN,NA/Campania,comune/CAP,80040
CAN08579,S.SEBASTIANO AL VESUVIO,,NAN,NA/Campania,comune/CAP,80040
CAN08589,S.GIORGIO A CREMANO,,NAN,NA/Campania,comune/CAP,80046
CAN08592,CASORIA,,NAN,NA/Campania,comune/CAP,80026
CAN08601,NAPOLI,,NAN,NA/Campania,comune/CAP,80134
CAN08604,PORTICI,,NAN,NA/Campania,comune/CAP,80055
CAN08607,PORTICI,,NAN,NA/Campania,comune/CAP,80055
CAN08619,ARZANO,,NAN,NA/Campania,comune/CAP,80022
CAN08627,TRIEI,Sardegna,OG,NU,comune/CAP,08040
CAN08633,TORTOLI',Sardegna,OG,NU,comune/CAP,08048
CAN08634,ILBONO,Sardegna,OG,NU,comune/CAP,08040
CAN08636,MARANO DI NAPOLI,,NAN,NA/Campania,comune/CAP,80016
CAN08647,PORTOSCUSO,Sardegna,CI,SU,comune/CAP,09010
CAN08657,NAPOLI,,NAN,NA/Campania,comune/CAP,80127
CAN08661,SALZBURG (AUSTRIA)      5024,,NAN,ESTERO,estero,
CAN08678,SAINTES - FRANCE       17100,,NAN,ESTERO,estero,
CAN08680,OSCHIRI,Sardegna,OT,SS,comune/CAP,07027
CAN08771,ARZANO,,NAN,NA/Campania,comune/CAP,80022
CAN08773,ARZANO,,NAN,NA/Campania,comune/CAP,80022
CAN08776,NAPOLI,,NAN,NA/Campania,comune/CAP,80125
CAN08781,NOLA,,NAN,NA/Campania,comune/CAP,80035
CAN08788,NOLA,,NAN,NA/Campania,comune/CAP,80035
CAN08792,CASORIA,,NAN,NA/Campania,comune/CAP,80022
CAN08795,NAPOLI,,NAN,NA/Campania,comune/CAP,80131
CAN08805,NAPOLI,,NAN,NA/Campania,comune/CAP,80129
CAN08808,NAPOLI,,NAN,NA/Campania,comune/CAP,80136
CAN08810,NOLA,,NAN,NA/Campania,comune/CAP,80035
CAN08821,NAPOLI,,NAN,NA/Campania,comune/CAP,80142
CAN08822,NAPOLI,,NAN,NA/Campania,comune/CAP,80142
CAN08831,MELITO DI NAPOLI,,NAN,NA/Campania,comune/CAP,80017
CAN08845,CARBONIA CENTRO,Sardegna,CI,SU,comune/CAP,09013
CAN08853,TEMPIO PAUSANIA,Sardegna,OT,SS,comune/CAP,07029
CAN08855,IGLESIAS,Sardegna,CI,SU,comune/CAP,09016
CAN08964,NAPOLI,,NAN,NA/Campania,comune/CAP,80144
CAN08995,NAPOLI,,NAN,NA/Campania,comune/CAP,80131
CAN09004,NAPOLI,,NAN,NA/Campania,comune/CAP,80131
CAN09015,NAPOLI,,NAN,NA/Campania,comune/CAP,80129
CAN09017,NAPOLI,,NAN,NA/Campania,comune/CAP,80131
CAN09020,NAPOLI,,NAN,NA/Campania,comune/CAP,80136
CAN09022,NAPOLI,,NAN,NA/Campania,comune/CAP,80129
CAN09025,NAPOLI,,NAN,NA/Campania,comune/CAP,80131
CAN09027,S.GIORGIO A CREMANO,,NAN,NA/Campania,comune/CAP,80046
CAN09029,NAPOLI,,NAN,NA/Campania,comune/CAP,80145
CAN09031,NAPOLI,,NAN,NA/Campania,comune/CAP,80135
CAN09075,S.GIOVANNI A TEDUCCIO,,NAN,NA/Campania,noto,80146
CAN09080,PONTICELLI,,NAN,NA/Campania,noto,80147
CAN09081,NAPOLI,,NAN,NA/Campania,comune/CAP,80134
CAN09083,NAPOLI,,NAN,NA/Campania,comune/CAP,80131
CAN09123,NAPOLI,,NAN,NA/Campania,comune/CAP,80131
CAN09138,CASORIA,,NAN,NA/Campania,comune/CAP,80026
CAN09144,TRECASE,,NAN,NA/Campania,comune/CAP,80040
CAN09146,CASAVATORE,,NAN,NA/Campania,comune/CAP,80020
CAN09147,NOLA,,NAN,NA/Campania,comune/CAP,80035
CAN09148,FRATTAMAGGIORE,,NAN,NA/Campania,comune/CAP,80027
CAN09156,IGLESIAS,Sardegna,CI,SU,comune/CAP,09016
CAN09170,IGLESIAS,Sardegna,CI,SU,comune/CAP,09016
CAN09178,IGLESIAS,Sardegna,CI,SU,comune/CAP,09016
CAN09188,NAPOLI,,NAN,NA/Campania,comune/CAP,80135
CAN09191,FRATTAMAGGIORE,,NAN,NA/Campania,comune/CAP,80027
CAN09197,NOLA,,NAN,NA/Campania,comune/CAP,80035
CAN09201,POGGIOMARINO,,NAN,NA/Campania,comune/CAP,80040
CAN09205,CASAVATORE,,NAN,NA/Campania,comune/CAP,80020
CAN09210,NAPOLI,,NAN,NA/Campania,comune/CAP,80122
CAN09215,PORTICI,,NAN,NA/Campania,comune/CAP,80055
CAN09219,BOSCOREALE,,NAN,ESTERO,estero,80041
CAN09227,BOSCOTRECASE,,NAN,NA/Campania,comune/CAP,80042
CAN09241,NAPOLI,,NAN,NA/Campania,comune/CAP,80131
CAN09265,MUGNANO DI NAPOLI,,NAN,NA/Campania,comune/CAP,80018
CAN09358,NAPOLI,,NAN,NA/Campania,comune/CAP,80127
CAN09389,NAPOLI,,NAN,NA/Campania,comune/CAP,80128
CAN09398,TORRE DEL GRECO,,NAN,NA/Campania,comune/CAP,80059
CAN09404,NAPOLI,,NAN,NA/Campania,comune/CAP,80127
CAN09413,S.PIETRO A PATIERNO,,NAN,NA/Campania,noto,80144
CAN09423,IGLESIAS,Sardegna,CI,SU,comune/CAP,09016
CAN09449,AFRAGOLA,,NAN,NA/Campania,comune/CAP,80021
CAN09457,WIEN (AUSTRIA)          1010,,NAN,ESTERO,estero,
CAN09590,S.GIOVANNI SUERGIU,Sardegna,CI,SU,comune/CAP,09010
CAN09594,DOGANA REP. SAN MARINO,,NAN,Emilia-Romagna (S.Marino),sanmarino,47031
CAN09596,IGLESIAS,Sardegna,CI,SU,comune/CAP,09016
CAN09732,SOMMA VESUVIANA,,NAN,NA/Campania,comune/CAP,80049
CAN09738,VILLAGRANDE STRISAILI,Sardegna,OG,NU,comune/CAP,08049
CAN09741,LANUSEI,Sardegna,OG,NU,comune/CAP,08045
CAN09745,OLBIA,Sardegna,OT,SS,comune/CAP,07026
CAN09749,OLBIA,Sardegna,OT,SS,comune/CAP,07026
CAN09757,S.TERESA DI GALLURA,Sardegna,OT,SS,comune/CAP,07028
CAN09764,BRAUNSCHWEIG,,NAN,ESTERO,estero,03300
CAN09811,NAPOLI,,NAN,NA/Campania,comune/CAP,80147
CAN09815,NAPOLI,,NAN,NA/Campania,comune/CAP,80131
CAN09829,NAPOLI,,NAN,NA/Campania,comune/CAP,80146
CAN09935,NAPOLI,,NAN,NA/Campania,comune/CAP,80122
CAN09947,PALMA CAMPANIA,,NAN,NA/Campania,comune/CAP,80036
CAN09949,NAPOLI,,NAN,NA/Campania,comune/CAP,80131
CAN09953,NAPOLI,,NAN,NA/Campania,comune/CAP,80122
CAN09957,CASAMICCIOLA TERME,,NAN,NA/Campania,comune/CAP,80074
CAN09961,NAPOLI,,NAN,NA/Campania,comune/CAP,80131
CAN09967,CASTELLAMMARE DI STABIA,,NAN,NA/Campania,comune/CAP,80053
CAN09969,QUARTO,,NAN,NA/Campania,comune/CAP,80010
CAN09977,NAPOLI,,NAN,NA/Campania,comune/CAP,80142
CAN09983,NAPOLI,,NAN,NA/Campania,comune/CAP,80127
CAN10231,MARIANELLA,,NAN,NA/Campania,noto,80145
CAN10241,NAPOLI,,NAN,NA/Campania,comune/CAP,80127
CAN10246,PISCINOLA,,NAN,NA/Campania,noto,80145
CAN10253,NAPOLI,,NAN,NA/Campania,comune/CAP,80131
CAN10260,NAPOLI,,NAN,NA/Campania,comune/CAP,80145
CAN10272,NAPOLI,,NAN,NA/Campania,comune/CAP,80131
CAN10284,NAPOLI,,NAN,NA/Campania,comune/CAP,80131
CAN10288,NAPOLI,,NAN,NA/Campania,comune/CAP,80134
CAN10302,POZZUOLI E CANTIERE,,NAN,NA/Campania,comune/CAP,80078
CAN10311,NAPOLI,,NAN,NA/Campania,comune/CAP,80122
CAN10317,NAPOLI,,NAN,NA/Campania,comune/CAP,80131
CAN10328,NAPOLI,,NAN,NA/Campania,comune/CAP,80131
CAN10342,NAPOLI,,NAN,NA/Campania,comune/CAP,80142
CAN10349,NAPOLI,,NAN,NA/Campania,comune/CAP,80133
CAN10352,NAPOLI,,NAN,NA/Campania,comune/CAP,80131
CAN10357,NAPOLI,,NAN,NA/Campania,comune/CAP,80121
CAN10425,IGLESIAS,Sardegna,CI,SU,comune/CAP,09016
CAN10441,IGLESIAS,Sardegna,CI,SU,comune/CAP,09016
CAN10457,NAPOLI,,NAN,NA/Campania,comune/CAP,80141
CAN10462,NAPOLI,,NAN,NA/Campania,comune/CAP,80123
CAN10466,GIUGLIANO IN CAMPANIA,,NAN,NA/Campania,comune/CAP,80014
CAN10470,NAPOLI,,NAN,NA/Campania,comune/CAP,80135
CAN10471,META,,NAN,NA/Campania,comune/CAP,80062
CAN10507,NAPOLI,,NAN,NA/Campania,comune/CAP,80122
CAN10525,MARANO DI NAPOLI,,NAN,NA/Campania,comune/CAP,80016
CAN10526,NAPOLI,,NAN,NA/Campania,comune/CAP,80135
CAN10528,NAPOLI,,NAN,NA/Campania,comune/CAP,80131
CAN10530,NAPOLI,,NAN,NA/Campania,comune/CAP,80131
CAN10533,PORTICI,,NAN,NA/Campania,comune/CAP,80055
CAN10535,S.GIORGIO A CREMANO,,NAN,NA/Campania,comune/CAP,80046
CAN10537,NAPOLI,,NAN,NA/Campania,comune/CAP,80135
CAN10542,NAPOLI,,NAN,NA/Campania,comune/CAP,80145
CAN10544,CARDITO,,NAN,NA/Campania,comune/CAP,80024
CAN10547,NAPOLI,,NAN,NA/Campania,comune/CAP,80136
CAN10556,NAPOLI,,NAN,NA/Campania,comune/CAP,80128
CAN10558,PORTICI,,NAN,NA/Campania,comune/CAP,80055
CAN10559,S.GIORGIO A CREMANO,,NAN,NA/Campania,comune/CAP,80046
CAN10603,NAPOLI,,NAN,NA/Campania,comune/CAP,80144
CAN10606,BOSCOREALE,,NAN,ESTERO,estero,80041
CAN10627,NAPOLI,,NAN,NA/Campania,comune/CAP,80136
CAN10633,NAPOLI,,NAN,NA/Campania,comune/CAP,80131
CAN10637,NAPOLI,,NAN,NA/Campania,comune/CAP,80125
CAN10745,MARANO DI NAPOLI,,NAN,NA/Campania,comune/CAP,80016
CAN10748,ERCOLANO,,NAN,NA/Campania,comune/CAP,80056
CAN10755,NAPOLI,,NAN,NA/Campania,comune/CAP,80129
CAN10777,PIAZZOLLA,,NAN,NA/Campania,noto,80037
CAN10783,S. ANASTASIA,,NAN,NA/Campania,comune/CAP,80048
CAN10794,PIANO DI SORRENTO,,NAN,NA/Campania,comune/CAP,80063
CAN10833,TORRE DEL GRECO,,NAN,NA/Campania,comune/CAP,80059
CAN10840,OTTAVIANO,,NAN,NA/Campania,comune/CAP,80044
CAN10843,BRUSCIANO,,NAN,NA/Campania,comune/CAP,80031
CAN10850,CASAVATORE,,NAN,NA/Campania,comune/CAP,80020
CAN10852,NAPOLI,,NAN,NA/Campania,comune/CAP,80128
CAN10878,SOMMA VESUVIANA,,NAN,NA/Campania,comune/CAP,80049
CAN11027,POMIGLIANO D'ARCO,,NAN,NA/Campania,comune/CAP,80038
CAN11032,POMIGLIANO D'ARCO,,NAN,NA/Campania,comune/CAP,80038
CAN11038,MARIGLIANO,,NAN,NA/Campania,comune/CAP,80034
CAN11041,S.GIORGIO A CREMANO,,NAN,NA/Campania,comune/CAP,80046
CAN11046,POMIGLIANO D'ARCO,,NAN,NA/Campania,comune/CAP,80038
CAN11048,NAPOLI,,NAN,NA/Campania,comune/CAP,80131
CAN11053,NAPOLI,,NAN,NA/Campania,comune/CAP,80122
CAN11055,SOMMA VESUVIANA,,NAN,NA/Campania,comune/CAP,80049
CAN11063,QUARTO,,NAN,NA/Campania,comune/CAP,80010
CAN11065,NAPOLI,,NAN,NA/Campania,comune/CAP,80143
CAN11066,NAPOLI,,NAN,NA/Campania,comune/CAP,80122
CAN11067,NAPOLI,,NAN,NA/Campania,comune/CAP,80137
CAN11068,CASTELLAMMARE DI STABIA,,NAN,NA/Campania,comune/CAP,80054
CAN11069,LICOLA-GIUGLIANO IN CAMPANIA,,NAN,NA/Campania,comune/CAP,80014
CAN11070,CASTELLAMMARE DI STABIA,,NAN,NA/Campania,comune/CAP,80053
CAN11071,TORRE DEL GRECO,,NAN,NA/Campania,comune/CAP,80059
CAN11072,PORTICI,,NAN,NA/Campania,comune/CAP,80055
CAN11073,TORRE DEL GRECO,,NAN,NA/Campania,comune/CAP,80059
CAN11074,QUARTO,,NAN,NA/Campania,comune/CAP,80010
CAN11075,NAPOLI,,NAN,NA/Campania,comune/CAP,80128
CAN11077,NAPOLI,,NAN,NA/Campania,comune/CAP,80127
CAN11078,NAPOLI,,NAN,NA/Campania,comune/CAP,80141
CAN11079,NAPOLI,,NAN,NA/Campania,comune/CAP,80137
CAN11081,"NEW CITY,NEW YORK",,NAN,ESTERO,estero,10956
CAN11083,IGLESIAS,Sardegna,CI,SU,comune/CAP,09016
CAN11084,CARBONIA,Sardegna,CI,SU,comune/CAP,09013
CAN11087,IGLESIAS,Sardegna,CI,SU,comune/CAP,09016
CAN11090,GAIRO,Sardegna,OG,NU,comune/CAP,08040
CAN11091,JERZU,Sardegna,OG,NU,comune/CAP,08044
CAN11191,POMIGLIANO D'ARCO,,NAN,NA/Campania,comune/CAP,80038
CAN11193,NAPOLI,,NAN,NA/Campania,comune/CAP,80131
CAN11196,NAPOLI,,NAN,NA/Campania,comune/CAP,80131
CAN11203,PORTICI,,NAN,NA/Campania,comune/CAP,80055
CAN11341,NAPOLI,,NAN,NA/Campania,comune/CAP,80142
CAN11349,NAPOLI,,NAN,NA/Campania,comune/CAP,80142
CAN11354,NAPOLI,,NAN,NA/Campania,comune/CAP,80141
CAN11360,NAPOLI,,NAN,NA/Campania,comune/CAP,80136
CAN11367,NAPOLI,,NAN,NA/Campania,comune/CAP,80132
CAN11429,SORRENTO,,NAN,NA/Campania,comune/CAP,80067
CAN11480,CASTELLAMMARE DI STABIA,,NAN,NA/Campania,comune/CAP,80053
CAN11485,NAPOLI,,NAN,NA/Campania,comune/CAP,80136
CAN11488,PIANO DI SORRENTO,,NAN,NA/Campania,comune/CAP,80063
CAN11537,TORRE DEL GRECO,,NAN,NA/Campania,comune/CAP,80059
CAN11546,S.GIUSEPPE VESUVIANO,,NAN,NA/Campania,comune/CAP,80047
CAN11634,NAPOLI,,NAN,NA/Campania,comune/CAP,80021
CAN11650,MUGNANO DI NAPOLI,,NAN,NA/Campania,comune/CAP,80018
CAN11679,NAPOLI,,NAN,NA/Campania,comune/CAP,80136
CAN11683,NAPOLI,,NAN,NA/Campania,comune/CAP,80123
CAN11698,NAPOLI,,NAN,NA/Campania,comune/CAP,80131
CAN11714,CALVIZZANO,,NAN,NA/Campania,comune/CAP,80012
CAN11716,VICO EQUENSE,,NAN,NA/Campania,comune/CAP,80069
CAN11723,SOMMA VESUVIANA,,NAN,NA/Campania,comune/CAP,80049
CAN11733,CASAVATORE,,NAN,NA/Campania,comune/CAP,80020
CAN11817,ARCO FELICE,,NAN,NA/Campania,noto,80078
CAN11886,MELITO DI NAPOLI,,NAN,NA/Campania,comune/CAP,80017
CAN11894,NAPOLI,,NAN,NA/Campania,comune/CAP,80123
CAN11899,NAPOLI,,NAN,NA/Campania,comune/CAP,80129
CAN11903,NAPOLI,,NAN,NA/Campania,comune/CAP,80131
CAN11919,VICO EQUENSE,,NAN,NA/Campania,comune/CAP,80069
CAN11976,POMPEI E SCAVI,,NAN,NA/Campania,comune/CAP,80045
CAN12017,S.GIUSEPPE VESUVIANO,,NAN,NA/Campania,comune/CAP,80047
CAN12027,NAPOLI,,NAN,NA/Campania,comune/CAP,80128
CAN12033,ACERRA,,NAN,NA/Campania,comune/CAP,80011
CAN12037,NAPOLI,,NAN,NA/Campania,comune/CAP,80131
CAN12039,NAPOLI,,NAN,NA/Campania,comune/CAP,80123
CAN12042,VICO EQUENSE,,NAN,NA/Campania,comune/CAP,80069
CAN12051,ARZANO,,NAN,NA/Campania,comune/CAP,80022
CAN12060,NAPOLI,,NAN,NA/Campania,comune/CAP,80128
CAN12081,NAPOLI,,NAN,NA/Campania,comune/CAP,80122
CAN12083,NAPOLI,,NAN,NA/Campania,comune/CAP,80128
CAN12093,POMIGLIANO D'ARCO,,NAN,NA/Campania,comune/CAP,80038
CAN12102,OTTAVIANO,,NAN,NA/Campania,comune/CAP,80044
CAN12114,NAPOLI,,NAN,NA/Campania,comune/CAP,80127
CAN12121,NAPOLI,,NAN,NA/Campania,comune/CAP,80126
CAN12126,NAPOLI,,NAN,NA/Campania,comune/CAP,80137
CAN12128,NAPOLI,,NAN,NA/Campania,comune/CAP,80136
CAN12138,NAPOLI,,NAN,NA/Campania,comune/CAP,80131
CAN12147,NAPOLI,,NAN,NA/Campania,comune/CAP,80122
CAN12173,NAPOLI,,NAN,NA/Campania,comune/CAP,80121
CAN12197,NAPOLI,,NAN,NA/Campania,comune/CAP,80123
CAN12204,08007 BARCELONA,,NAN,ESTERO,estero,
CAN12214,NAPOLI,,NAN,NA/Campania,comune/CAP,80129
CAN12221,PONTICELLI,,NAN,NA/Campania,noto,80147
CAN12238,PALENCIA    ESPANA  34800,,NAN,ESTERO,estero,
CAN12259,PORTICI,,NAN,NA/Campania,comune/CAP,80055
CAN12290,CASTELLAMMARE DI STABIA,,NAN,NA/Campania,comune/CAP,80053
CAN12299,CASTELLAMMARE DI STABIA,,NAN,NA/Campania,comune/CAP,80053
CAN12305,C.MARE DI STABIA,,NAN,NA/Campania,noto,80053
CAN12314,QUARTO,,NAN,NA/Campania,comune/CAP,80010
CAN12318,S.MARIA LA CARITA',,NAN,NA/Campania,comune/CAP,80050
CAN12323,TORRE DEL GRECO,,NAN,NA/Campania,comune/CAP,80059
CAN12329,NAPOLI,,NAN,NA/Campania,comune/CAP,80144
CAN12331,BAGHDAD,,NAN,ESTERO,estero,
CAN12336,NAPOLI,,NAN,NA/Campania,comune/CAP,80144
CAN12343,NAPOLI,,NAN,NA/Campania,comune/CAP,80121
CAN12351,NAPOLI,,NAN,NA/Campania,comune/CAP,80132
CAN12356,NAPOLI,,NAN,NA/Campania,comune/CAP,80136
CAN12363,NAPOLI,,NAN,NA/Campania,comune/CAP,80123
CAN12370,NAPOLI,,NAN,NA/Campania,comune/CAP,80129
CAN12374,ARZANO,,NAN,NA/Campania,comune/CAP,80022
CAN12377,CASAVATORE,,NAN,NA/Campania,comune/CAP,80020
CAN12379,NAPOLI,,NAN,NA/Campania,comune/CAP,80143
CAN12383,NAPOLI,,NAN,NA/Campania,comune/CAP,80131
CAN12445,CASAMICCIOLA TERME,,NAN,NA/Campania,comune/CAP,80074
CAN12448,MUNSTER (GERMANIA)     4400,,NAN,ESTERO,estero,
CAN12450,ISCHIA,,NAN,NA/Campania,comune/CAP,80070
CAN12464,LACCO AMENO,,NAN,NA/Campania,comune/CAP,80076
CAN12470,CASAMICCIOLA TERME,,NAN,NA/Campania,comune/CAP,80074
CAN12477,TORRE ANNUNZIATA,,NAN,NA/Campania,comune/CAP,80058
CAN12483,POMIGLIANO D'ARCO,,NAN,NA/Campania,comune/CAP,80038
CAN12485,PALMA CAMPANIA,,NAN,NA/Campania,comune/CAP,80036
CAN12486,POMIGLIANO D'ARCO,,NAN,NA/Campania,comune/CAP,80038
CAN12487,S.GIORGIO A CREMANO,,NAN,NA/Campania,comune/CAP,80046
CAN12488,CASAVATORE,,NAN,NA/Campania,comune/CAP,80020
CAN12489,NAPOLI,,NAN,NA/Campania,comune/CAP,80129
CAN12490,NAPOLI,,NAN,NA/Campania,comune/CAP,80129
CAN12491,S.GIORGIO A CREMANO,,NAN,NA/Campania,comune/CAP,80046
CAN12492,NAPOLI,,NAN,NA/Campania,comune/CAP,80126
CAN12493,NAPOLI,,NAN,NA/Campania,comune/CAP,80131
CAN12500,NAPOLI,,NAN,NA/Campania,comune/CAP,80136
CAN12505,B- 3000 LEUVEN,,NAN,ESTERO,estero,
CAN12513,S.ANTIMO,,NAN,NA/Campania,comune/CAP,80029
CAN12516,S.ANTIMO,,NAN,NA/Campania,comune/CAP,80029
CAN12524,S.GIUSEPPE VESUVIANO,,NAN,NA/Campania,comune/CAP,80047
CAN12528,NAPOLI,,NAN,NA/Campania,comune/CAP,80136
CAN12535,BARRA,,NAN,NA/Campania,noto,80147
CAN12550,CASAVATORE,,NAN,NA/Campania,comune/CAP,80020
CAN12557,PIAZZOLLA DI NOLA,,NAN,NA/Campania,comune/CAP,80035
CAN12560,NAPOLI,,NAN,NA/Campania,comune/CAP,80132
CAN12562,NAPOLI,,NAN,NA/Campania,comune/CAP,80127
CAN12568,SOMMA VESUVIANA,,NAN,NA/Campania,comune/CAP,80049
CAN12569,NAPOLI,,NAN,NA/Campania,comune/CAP,80136
CAN12578,MONTE DI PROCIDA,,NAN,NA/Campania,noto,80070
CAN12582,S.GIUSEPPE VESUVIANO,,NAN,NA/Campania,comune/CAP,80047
CAN12587,CASALNUOVO DI NAPOLI,,NAN,NA/Campania,comune/CAP,80013
CAN12589,S.ANASTASIA,,NAN,NA/Campania,comune/CAP,80048
CAN12607,PALMA CAMPANIA,,NAN,NA/Campania,comune/CAP,80036
CAN12643,PIANO DI SORRENTO,,NAN,NA/Campania,comune/CAP,80063
CAN12674,POZZUOLI E CANTIERE,,NAN,NA/Campania,comune/CAP,80078
CAN12679,NAPOLI,,NAN,NA/Campania,comune/CAP,80137
CAN12688,MARIGLIANO,,NAN,NA/Campania,comune/CAP,80034
CAN12697,AFRAGOLA,,NAN,NA/Campania,comune/CAP,80021
CAN12702,NAPOLI,,NAN,NA/Campania,comune/CAP,80123
CAN12710,NAPOLI,,NAN,NA/Campania,comune/CAP,80125
CAN12728,FRATTAMAGGIORE,,NAN,NA/Campania,comune/CAP,80027
CAN12732,SAVIANO,,NAN,NA/Campania,comune/CAP,80039
CAN12745,NAPOLI,,NAN,NA/Campania,comune/CAP,80131
CAN13034,CASANDRINO,,NAN,NA/Campania,noto,80025
CAN13050,MARANO DI NAPOLI,,NAN,NA/Campania,comune/CAP,80016
CAN13056,NAPOLI,,NAN,NA/Campania,comune/CAP,80131
CAN13058,NAPOLI,,NAN,NA/Campania,comune/CAP,80123
CAN13152,PHILADELPHIA - PENNSYLVANIA,,NAN,ESTERO,estero,
CAN13171,MULHOUSE               68100,,NAN,ESTERO,estero,
CAN13238,MARIGLIANO,,NAN,NA/Campania,comune/CAP,80034
CAN13267,NAPOLI,,NAN,NA/Campania,comune/CAP,80147
CAN13270,NAPOLI,,NAN,NA/Campania,comune/CAP,80141
CAN13274,NAPOLI,,NAN,NA/Campania,comune/CAP,80136
CAN13285,MIANO,,NAN,NA/Campania,noto,80131
CAN13304,44322 NANTES CEDEX 03,,NAN,ESTERO,estero,
CAN13310,ZURICH                 8006,,NAN,ESTERO,estero,
CAN13313,75005 - PARIS,,NAN,ESTERO,estero,
CAN13330,CARBONIA CENTRO,Sardegna,CI,SU,comune/CAP,09013
CAN13351,CARBONIA CENTRO,Sardegna,CI,SU,comune/CAP,09013
CAN13434,NANTES CEDEX           44072,,NAN,ESTERO,estero,
CAN13518,IL - HAIFA 31999,,IL,ESTERO,estero,
CAN13533,N - 0164 OSLO 1,,01,ESTERO,estero,
CAN13605,BRUXELLES,,NAN,ESTERO,estero,01040
CAN13646,1348 LOUVAIN-LA-NEUVE,,75,ESTERO,estero,
CAN13647,NAPOLI,,NAN,NA/Campania,comune/CAP,80132
CAN13667,NAPOLI,,NAN,NA/Campania,comune/CAP,80146
CAN13675,NAPOLI,,NAN,NA/Campania,comune/CAP,80129
CAN13683,FRATTAMAGGIORE,,NAN,NA/Campania,comune/CAP,80027
CAN13695,MELITO DI NAPOLI,,NAN,NA/Campania,comune/CAP,80017
CAN13702,NAPOLI,,NAN,NA/Campania,comune/CAP,80139
CAN13706,NAPOLI,,NAN,NA/Campania,comune/CAP,80131
CAN13715,NAPOLI,,NAN,NA/Campania,comune/CAP,80122
CAN13718,NAPOLI,,NAN,NA/Campania,comune/CAP,80126
CAN13729,NAPOLI,,NAN,NA/Campania,comune/CAP,80128
CAN13838,80539 MUNCHEN,,NAN,ESTERO,estero,
CAN13884,NEW YORK 11794-3319,,NAN,ESTERO,estero,
CAN13988,PORTICI,,NAN,NA/Campania,comune/CAP,80055
CAN13990,NAPOLI,,NAN,NA/Campania,comune/CAP,80145
CAN13994,TORRE DEL GRECO,,NAN,NA/Campania,comune/CAP,80059
CAN13998,SAVIANO,,NAN,NA/Campania,comune/CAP,80039
CAN14001,TORRE ANNUNZIATA,,NAN,NA/Campania,comune/CAP,80058
CAN14004,MARIGLIANO,,NAN,NA/Campania,comune/CAP,80034
CAN14010,NAPOLI,,NAN,NA/Campania,comune/CAP,80143
CAN14013,NAPOLI,,NAN,NA/Campania,comune/CAP,80147
CAN14016,S.GIORGIO A CREMANO,,NAN,NA/Campania,comune/CAP,80046
CAN14018,MOSCA G-2,,NAN,ESTERO,estero,
CAN14026,POMPEI E SCAVI,,NAN,NA/Campania,comune/CAP,80045
CAN14028,NAPOLI,,NAN,NA/Campania,comune/CAP,80135
CAN14031,ARZANO,,NAN,NA/Campania,comune/CAP,80022
CAN14054,TERTENIA,Sardegna,OG,NU,comune/CAP,08047
CAN14142,94230 CACHAN,,75,ESTERO,estero,
CAN14260,S.GIORGIO A CREMANO,,NAN,NA/Campania,comune/CAP,80046
CAN14262,SAN GIORGIO A CREMANO,,NAN,NA/Campania,comune/CAP,80046
CAN14279,OLBIA,Sardegna,OT,SS,comune/CAP,07026
CAN14280,2040 - LEICHHARDT -  SYDNEY,,NAN,ESTERO,estero,
CAN14282,S.SEBASTIANO AL VESUVIO,,NAN,NA/Campania,comune/CAP,80040
CAN14283,NAPOLI,,NAN,NA/Campania,comune/CAP,80131
CAN14284,POGGIOMARINO,,NAN,NA/Campania,comune/CAP,80040
CAN14366,LUXEMBOURG,,NAN,ESTERO,estero,02716
CAN14399,TORRE ANNUNZIATA,,NAN,NA/Campania,comune/CAP,80058
CAN14403,NAPOLI,,NAN,NA/Campania,comune/CAP,80147
CAN14411,NAPOLI,,NAN,NA/Campania,comune/CAP,80132
CAN14415,NAPOLI,,NAN,NA/Campania,comune/CAP,80132
CAN14426,NAPOLI,,NAN,NA/Campania,comune/CAP,80131
CAN14435,PORTICI,,NAN,NA/Campania,comune/CAP,80055
CAN14442,PORTICI,,NAN,NA/Campania,comune/CAP,80055
CAN14447,NAPOLI,,NAN,NA/Campania,comune/CAP,80132
CAN14454,NAPOLI,,NAN,NA/Campania,comune/CAP,80132
CAN14466,OTTAVIANO,,NAN,NA/Campania,comune/CAP,80044
CAN14471,CASTELLAMMARE DI STABIA,,NAN,NA/Campania,comune/CAP,80053
CAN14479,OTTAVIANO,,NAN,NA/Campania,comune/CAP,80044
CAN14488,OTTAVIANO,,NAN,NA/Campania,comune/CAP,80044
CAN14490,NAPOLI,,NAN,NA/Campania,comune/CAP,80144
CAN14499,BARRA,,NAN,NA/Campania,noto,80147
CAN14501,NAPOLI,,NAN,NA/Campania,comune/CAP,80131
CAN14504,MARANO DI NAPOLI,,NAN,NA/Campania,comune/CAP,80016
CAN14668,NAPOLI,,NAN,NA/Campania,comune/CAP,80129
CAN14678,NAPOLI,,NAN,NA/Campania,comune/CAP,80132
CAN14683,S.GENNARO VESUVIANO,,NAN,NA/Campania,comune/CAP,80040
CAN14690,NAPOLI,,NAN,NA/Campania,comune/CAP,80132
CAN14720,OTTAVIANO,,NAN,NA/Campania,comune/CAP,80044
CAN14732,MELITO DI NAPOLI,,NAN,NA/Campania,comune/CAP,80017
CAN14798,OLBIA,Sardegna,OT,SS,comune/CAP,07026
CAN14836,NAPOLI,,NAN,NA/Campania,comune/CAP,80129
CAN14838,PIANO DI SORRENTO,,NAN,NA/Campania,comune/CAP,80063
CAN14843,SAVIANO,,NAN,NA/Campania,comune/CAP,80039
CAN14898,CERCOLA,,NAN,NA/Campania,comune/CAP,80040
CAN14911,GIUGLIANO IN CAMPANIA,,NAN,NA/Campania,comune/CAP,80014
CAN14916,S.ANTIMO,,NAN,NA/Campania,comune/CAP,80029
CAN14925,GIUGLIANO IN CAMPANIA,,NAN,NA/Campania,comune/CAP,80014
CAN14932,AFRAGOLA,,NAN,NA/Campania,comune/CAP,80021
CAN14938,VIENNA,,NAN,ESTERO,estero,
CAN14957,1205 GENEVE,,NAN,ESTERO,estero,
CAN15055,9403 GOLDACH (SAN GALLO),,NAN,ESTERO,estero,
CAN15073,8004 ZURIGO,,NAN,ESTERO,estero,
CAN15081,2300 LA CHAUX-DE-FONDS,,NAN,ESTERO,estero,
CAN15100,MUGNANO DI NAPOLI,,NAN,NA/Campania,comune/CAP,80018
CAN15103,3300 BRAUNSCHWEIG,,NAN,ESTERO,estero,
CAN15111,S. VITALIANO,,NAN,NA/Campania,comune/CAP,80030
CAN15135,S. MARIA DEL POZZO,,NAN,NA/Campania,noto,80049
CAN15145,ACERRA,,NAN,NA/Campania,comune/CAP,80011
CAN15155,NAPOLI,,NAN,NA/Campania,comune/CAP,80135
CAN15167,MARIGLIANO,,NAN,NA/Campania,comune/CAP,80034
CAN15176,NAPOLI,,NAN,NA/Campania,comune/CAP,80136
CAN15179,S.GIUSEPPE VESUVIANO,,NAN,NA/Campania,comune/CAP,80047
CAN15190,NAPOLI,,NAN,NA/Campania,comune/CAP,80129
CAN15193,S.GIUSEPPE VESUVIANO,,NAN,NA/Campania,comune/CAP,80047
CAN15196,GRUMO NEVANO,,NAN,NA/Campania,comune/CAP,80028
CAN15207,NAPOLI,,NAN,NA/Campania,comune/CAP,80132
CAN15245,PORTICI,,NAN,NA/Campania,comune/CAP,80055
CAN15246,7500 KARLSRUHE 41,,NAN,ESTERO,estero,
CAN15258,SAN GIUSEPPE VESUVIANO,,NAN,NA/Campania,comune/CAP,80047
CAN15289,NAPOLI,,NAN,NA/Campania,comune/CAP,80137
CAN15293,GRAGNANO,,NAN,NA/Campania,comune/CAP,80054
CAN15382,BARRA,,NAN,NA/Campania,noto,80147
CAN15391,TORRE DEL GRECO,,NAN,NA/Campania,comune/CAP,80059
CAN15405,S.ANASTASIA,,NAN,NA/Campania,comune/CAP,80048
CAN15406,TORRE ANNUNZIATA,,NAN,NA/Campania,comune/CAP,80058
CAN15424,OLBIA,Sardegna,OT,SS,comune/CAP,07026
CAN15426,OLBIA,Sardegna,OT,SS,comune/CAP,07026
CAN15429,OLBIA,Sardegna,OT,SS,comune/CAP,07026
CAN15437,OLBIA,Sardegna,OT,SS,comune/CAP,07026
CAN15448,PERDAXIUS,Sardegna,CI,SU,comune/CAP,09010
CAN15452,S.ANTONIO ABATE,,NAN,NA/Campania,comune/CAP,80057
CAN15453,NAPOLI,,NAN,NA/Campania,comune/CAP,80129
CAN15472,S.MARIA LA CARITA',,NAN,NA/Campania,comune/CAP,80050
CAN15503,TORRE ANNUNZIATA,,NAN,NA/Campania,comune/CAP,80058
CAN15514,TORRE ANNUNZIATA,,NAN,NA/Campania,comune/CAP,80058
CAN15552,NAPOLI,,NAN,NA/Campania,comune/CAP,80122
CAN15559,NAPOLI,,NAN,NA/Campania,comune/CAP,80134
CAN15564,NAPOLI,,NAN,NA/Campania,comune/CAP,80127
CAN15607,SETTIMO S.PIETRO,Sardegna,VS,CA,comune/CAP,09040
CAN15706,1049 BRUXELLES,,NAN,ESTERO,estero,
CAN15744,S.GIUSEPPE VESUVIANO,,NAN,NA/Campania,comune/CAP,80047
CAN15748,S.GIUSEPPE VESUVIANO,,NAN,NA/Campania,comune/CAP,80047
CAN15750,POMPEI E SCAVI,,NAN,NA/Campania,comune/CAP,80045
CAN15753,NAPOLI,,NAN,NA/Campania,comune/CAP,80138
CAN15761,NAPOLI,,NAN,NA/Campania,comune/CAP,80127
CAN15902,NAPOLI,,NAN,NA/Campania,comune/CAP,80123
CAN15981,NAPOLI,,NAN,NA/Campania,comune/CAP,80126
CAN16024,NAPOLI,,NAN,NA/Campania,comune/CAP,80129
CAN16030,NAPOLI,,NAN,NA/Campania,comune/CAP,80129
CAN16034,NAPOLI,,NAN,NA/Campania,comune/CAP,80135
CAN16045,NAPOLI,,NAN,NA/Campania,comune/CAP,80126
CAN16063,SANLURI,Sardegna,VS,SU,comune/CAP,09025
CAN16067,28014 MADRID,,NAN,ESTERO,estero,
CAN16069,08001 BARCELONA,,NAN,ESTERO,estero,
CAN16079,"FOLKESTONE, KENT CT19 5EE",,NAN,ESTERO,estero,
CAN16083,GODALMING SURREY GU7 1HA,,NAN,ESTERO,estero,
CAN16095,41005 SEVILLA,,NAN,ESTERO,estero,
CAN16196,NAPOLI,,NAN,NA/Campania,comune/CAP,80128
CAN16207,S.ANASTASIA,,NAN,NA/Campania,comune/CAP,80048
CAN16247,MARIGLIANO,,NAN,NA/Campania,comune/CAP,80034
CAN16255,ROCCARAINOLA,,NAN,NA/Campania,comune/CAP,80030
CAN16259,59652 VILLENEUVE D'ASCQ,,NAN,ESTERO,estero,
CAN16260,92001  NANTERRE CEDEX,,NAN,ESTERO,estero,
CAN16292,LUXEMBOURG              2018,,NAN,ESTERO,estero,
CAN16349,S.ANASTASIA,,NAN,NA/Campania,comune/CAP,80048
CAN16356,SAN GIORGIO A CREMANO,,NAN,NA/Campania,comune/CAP,80046
CAN16360,PIANO DI SORRENTO,,NAN,NA/Campania,comune/CAP,80063
CAN16362,NAPOLI,,NAN,NA/Campania,comune/CAP,80146
CAN16366,NAPOLI,,NAN,NA/Campania,comune/CAP,80146
CAN16382,MONTERUSCIELLO,,NAN,NA/Campania,noto,80070
CAN16390,NAPOLI,,NAN,NA/Campania,comune/CAP,80144
CAN16398,IGLESIAS,Sardegna,CI,SU,comune/CAP,09016
CAN16402,NAPOLI,,NAN,NA/Campania,comune/CAP,80132
CAN16408,TRECASE,,NAN,NA/Campania,comune/CAP,80040
CAN16417,VICO EQUENSE,,NAN,NA/Campania,comune/CAP,80069
CAN16427,TORRE DEL GRECO,,NAN,NA/Campania,comune/CAP,80059
CAN16430,TORRE DEL GRECO,,NAN,NA/Campania,comune/CAP,80059
CAN16542,PARIS,,NAN,ESTERO,estero,
CAN16635,NAPOLI,,NAN,NA/Campania,comune/CAP,80131
CAN16661,GIUGLIANO IN CAMPANIA,,NAN,NA/Campania,comune/CAP,80014
CAN16678,CALVIZZANO,,NAN,NA/Campania,comune/CAP,80012
CAN16689,COPENHAGEN,,001,ESTERO,estero,
CAN16693,PARIGI,,75,ESTERO,estero,75013
CAN16710,CASTELLAMMARE DI STABIA,,NAN,NA/Campania,comune/CAP,80053
CAN16712,NAPOLI,,NAN,NA/Campania,comune/CAP,80129
CAN16715,GRUMO NEVANO,,NAN,NA/Campania,comune/CAP,80028
CAN16716,AFRAGOLA,,NAN,NA/Campania,comune/CAP,80021
CAN16818,AFRAGOLA,,NAN,NA/Campania,comune/CAP,80021
CAN16879,MUGNANO DI NAPOLI,,NAN,NA/Campania,comune/CAP,80018
CAN16957,PORTICI,,NAN,NA/Campania,comune/CAP,80055
CAN17029,F -75930 PARIS CEDEX 19,,NAN,ESTERO,estero,
CAN17051,NAPOLI,,NAN,NA/Campania,comune/CAP,80129
CAN17053,NAPOLI,,NAN,NA/Campania,comune/CAP,80128
CAN17162,NAPOLI,,NAN,NA/Campania,comune/CAP,80133
CAN17181,MADRID,,28,ESTERO,estero,28015
CAN17185,NAPOLI,,NAN,NA/Campania,comune/CAP,80123
CAN17197,NAPOLI,,NAN,NA/Campania,comune/CAP,80142
CAN17203,BARCELONA,,08,ESTERO,estero,08006
CAN17208,TORRE DEL GRECO,,NAN,NA/Campania,comune/CAP,80059
CAN17212,MARANO DI NAPOLI,,NAN,NA/Campania,comune/CAP,80016
CAN17213,LUGANO,,NAN,ESTERO,estero,
CAN17231,BROOKLYN NEW YORK 11211,,NJ,ESTERO,estero,
CAN17363,NAPOLI,,NAN,NA/Campania,comune/CAP,80128
CAN17369,NAPOLI,,NAN,NA/Campania,comune/CAP,80134
CAN17494,SETTIMO S.PIETRO,Sardegna,VS,CA,comune/CAP,09040
CAN17506,IGLESIAS,Sardegna,CI,SU,comune/CAP,09016
CAN17509,CARBONIA,Sardegna,CI,SU,comune/CAP,09018
CAN17653,NAPOLI,,NAN,NA/Campania,comune/CAP,80122
CAN17656,PONTICELLI,,NAN,NA/Campania,noto,80147
CAN17662,PORTICI,,NAN,NA/Campania,comune/CAP,80055
CAN17671,VOLLA,,NAN,NA/Campania,comune/CAP,80040
CAN17677,NAPOLI,,NAN,NA/Campania,comune/CAP,80134
CAN17689,NAPOLI,,NAN,NA/Campania,comune/CAP,80128
CAN17701,VOLLA,,NAN,NA/Campania,comune/CAP,80040
CAN17823,MARIGLIANO,,NAN,NA/Campania,comune/CAP,80034
CAN17826,MARIGLIANO,,NAN,NA/Campania,comune/CAP,80034
CAN17830,NAPOLI,,NAN,NA/Campania,comune/CAP,80131
CAN17835,NAPOLI,,NAN,NA/Campania,comune/CAP,80134
CAN17901,NAPOLI,,NAN,NA/Campania,comune/CAP,80126
CAN17905,NAPOLI,,NAN,NA/Campania,comune/CAP,80127
CAN17907,NAPOLI,,NAN,NA/Campania,comune/CAP,80128
CAN17913,NAPOLI,,NAN,NA/Campania,comune/CAP,80127
CAN17914,TORRE DEL GRECO,,NAN,NA/Campania,comune/CAP,80059
CAN17916,NAPOLI,,NAN,NA/Campania,comune/CAP,80122
CAN17947,NAPOLI,,NAN,NA/Campania,comune/CAP,80121
CAN17972,IGLESIAS,Sardegna,CI,SU,comune/CAP,09016
CAN17978,CALANGIANUS,Sardegna,OT,SS,comune/CAP,07023
CAN17985,NAPOLI,,NAN,NA/Campania,comune/CAP,80132
CAN17992,NAPOLI,,NAN,NA/Campania,comune/CAP,80127
CAN17999,OLBIA,Sardegna,OT,SS,comune/CAP,07026
CAN18006,NAPOLI,,NAN,NA/Campania,comune/CAP,80131
CAN18010,NAPOLI,,NAN,NA/Campania,comune/CAP,80131
CAN18013,OLBIA,Sardegna,OT,SS,comune/CAP,07026
CAN18036,SORRENTO,,NAN,NA/Campania,comune/CAP,80067
CAN18187,MARANO DI NAPOLI,,NAN,NA/Campania,comune/CAP,80016
CAN18192,NAPOLI,,NAN,NA/Campania,comune/CAP,80131
CAN18196,NAPOLI,,NAN,NA/Campania,comune/CAP,80129
CAN18291,PARIGI,,75,ESTERO,estero,
CAN18370,PORTICI,,NAN,NA/Campania,comune/CAP,80055
CAN18480,NAPOLI,,NAN,NA/Campania,comune/CAP,80137
CAN18520,BARISARDO,Sardegna,OG,NU,comune/CAP,08042
CAN18526,GAIRO,Sardegna,OG,NU,comune/CAP,08040
CAN18543,JERZU,Sardegna,OG,NU,comune/CAP,08044
CAN18686,NAPOLI,,NAN,NA/Campania,comune/CAP,80145
CAN18690,S.GIUSEPPE VESUVIANO,,NAN,NA/Campania,comune/CAP,80047
CAN18692,S.SEBASTIANO AL VESUVIO,,NAN,NA/Campania,comune/CAP,80040
CAN18697,POMIGLIANO D'ARCO,,NAN,NA/Campania,comune/CAP,80038
CAN18700,S.VITALIANO,,NAN,NA/Campania,comune/CAP,80030
CAN18701,ARZANO,,NAN,NA/Campania,comune/CAP,80022
CAN18702,CASTELLAMMARE DI STABIA,,NAN,NA/Campania,comune/CAP,80053
CAN18751,MELITO DI NAPOLI,,NAN,NA/Campania,comune/CAP,80017
CAN18947,BACOLI,,NAN,NA/Campania,comune/CAP,80070
CAN18953,BACOLI,,NAN,NA/Campania,comune/CAP,80070
CAN18963,GRAGNANO,,NAN,NA/Campania,comune/CAP,80054
CAN18966,S.GIUSEPPE VESUVIANO,,NAN,NA/Campania,comune/CAP,80047
CAN18971,S.GENNARO VESUVIANO,,NAN,NA/Campania,comune/CAP,80040
CAN18974,NAPOLI,,NAN,NA/Campania,comune/CAP,80126
CAN18976,S.GIUSEPPE VESUVIANO,,NAN,NA/Campania,comune/CAP,80047
CAN18978,NAPOLI,,NAN,NA/Campania,comune/CAP,80128
CAN18980,NAPOLI,,NAN,NA/Campania,comune/CAP,80132
CAN18982,S.MARIA LA CARITA',,NAN,NA/Campania,comune/CAP,80050
CAN18985,GIUGLIANO IN CAMPANIA,,NAN,NA/Campania,comune/CAP,80014
CAN18987,MARANO DI NAPOLI,,NAN,NA/Campania,comune/CAP,80016
CAN18988,MARANO DI NAPOLI,,NAN,NA/Campania,comune/CAP,80016
CAN18989,NAPOLI,,NAN,NA/Campania,comune/CAP,80131
CAN18993,NAPOLI,,NAN,NA/Campania,comune/CAP,80145
CAN18995,NAPOLI,,NAN,NA/Campania,comune/CAP,80131
CAN18998,BUGGERRU,Sardegna,CI,SU,comune/CAP,09010
CAN19052,NAPOLI,,NAN,NA/Campania,comune/CAP,80131
CAN19069,NAPOLI,,NAN,NA/Campania,comune/CAP,80138
CAN19159,NAPOLI,,NAN,NA/Campania,comune/CAP,80128
CAN19161,MARANO DI NAPOLI,,NAN,NA/Campania,comune/CAP,80016
CAN19164,NAPOLI,,NAN,NA/Campania,comune/CAP,80131
CAN19167,CASAVATORE,,NAN,NA/Campania,comune/CAP,80020
CAN19174,NAPOLI,,NAN,NA/Campania,comune/CAP,80122
CAN19180,ERCOLANO,,NAN,NA/Campania,comune/CAP,80056
CAN19182,NAPOLI,,NAN,NA/Campania,comune/CAP,80124
CAN19185,PORTICI,,NAN,NA/Campania,comune/CAP,80055
CAN19187,NAPOLI,,NAN,NA/Campania,comune/CAP,80127
CAN19190,PIANO DI SORRENTO,,NAN,NA/Campania,comune/CAP,80063
CAN19197,NL-3508 TA UTRECHT,,NAN,ESTERO,estero,
CAN19198,61479 GLASHUTTEN IM TAUNUS,,NAN,ESTERO,estero,
CAN19199,GLASGOW G14 OBJ,,NAN,ESTERO,estero,
CAN19200,G12 8QE - GLASGOW - SCOTLAND,,NAN,ESTERO,estero,
CAN19201,1080    BRUXELLES,,NAN,ESTERO,estero,
CAN19202,5000 KOELN 1 - WEST GERMANY,,NAN,ESTERO,estero,
CAN19204,LENINGRAD 199034,,NAN,ESTERO,estero,
CAN19205,6900 HEIDELBERG - W GERMANY,,NAN,ESTERO,estero,
CAN19206,CAMBRIDGE CB2 3HS,,NAN,ESTERO,estero,
CAN19252,FLUMINIMAGGIORE,Sardegna,CI,SU,comune/CAP,09010
CAN19254,LA MADDALENA,Sardegna,OT,SS,comune/CAP,07024
CAN19269,PALAU,Sardegna,OT,SS,comune/CAP,07020
CAN19273,LA MADDALENA,Sardegna,OT,SS,comune/CAP,07024
CAN19292,5000 KOLN 1,,NAN,ESTERO,estero,
CAN19335,ERCOLANO,,NAN,NA/Campania,comune/CAP,80056
CAN19341,FLUMINIMAGGIORE,Sardegna,CI,SU,comune/CAP,09010
CAN19343,FLUMINIMAGGIORE,Sardegna,CI,SU,comune/CAP,09010
CAN19344,LA MADDALENA,Sardegna,OT,SS,comune/CAP,07024
CAN19345,LA MADDALENA,Sardegna,OT,SS,comune/CAP,07024
CAN19346,GRAGNANO,,NAN,NA/Campania,comune/CAP,80054
CAN19347,AGEROLA,,NAN,NA/Campania,comune/CAP,80051
CAN19404,LA MADDALENA,Sardegna,OT,SS,comune/CAP,07024
CAN19421,NAPOLI,,NAN,NA/Campania,comune/CAP,80144
CAN19520,28004 - MADRID,,NAN,ESTERO,estero,
CAN19523,MADRID                 28049,,NAN,ESTERO,estero,
CAN19554,SCOTLAND,,NAN,ESTERO,estero,
CAN19561,1040 BRUXELLES (BELGIUM),,NAN,ESTERO,estero,
CAN19575,DALLAS - TEXAS - 75381-9074,,NAN,ESTERO,estero,
CAN19577,LAWRENCE  KS  66045-7544,,NAN,ESTERO,estero,
CAN19600,38685 LANGELSHEIM,,NAN,ESTERO,estero,
CAN19609,PARIS CEDEX 19  FRANCE 75930,,NAN,ESTERO,estero,
CAN19611,59655 VILLENEUVE D'ASCQ,,NAN,ESTERO,estero,
CAN19696,91  STOCKHOLM  - SWEDEN -,,NAN,ESTERO,estero,
CAN19797,28203 BREMEN,,NAN,ESTERO,estero,
CAN19804,NAPOLI,,NAN,NA/Campania,comune/CAP,80131
CAN19815,TOKYO 101-0064 JAPAN,,NAN,ESTERO,estero,
CAN19892,LUXEMBOURG              2925,,NAN,ESTERO,estero,
CAN19906,NAPOLI,,NAN,NA/Campania,comune/CAP,80129
CAN19948,NAPOLI,,NAN,NA/Campania,comune/CAP,80142
CAN19953,S.GIUSEPPE VESUVIANO,,NAN,NA/Campania,comune/CAP,80047
CAN19956,BOSCOREALE,,NAN,ESTERO,estero,80041
CAN19967,TERZIGNO,,NAN,NA/Campania,comune/CAP,80040
CAN19986,NAPOLI,,NAN,NA/Campania,comune/CAP,80124
CAN19996,NAPOLI,,NAN,NA/Campania,comune/CAP,80133
CAN20003,NAPOLI,,NAN,NA/Campania,comune/CAP,80124
CAN20014,BOSCOREALE,,NAN,ESTERO,estero,80041
CAN20023,NAPOLI,,NAN,NA/Campania,comune/CAP,80126
CAN20038,BARANO D'ISCHIA,,NAN,NA/Campania,comune/CAP,80070
CAN20044,ISCHIA,,NAN,NA/Campania,comune/CAP,80077
CAN20048,FONTANA,,NAN,NA/Campania,noto,80070
CAN20053,NAPOLI,,NAN,NA/Campania,comune/CAP,80129
CAN20079,NAPOLI,,NAN,NA/Campania,comune/CAP,80131
CAN20124,NAPOLI,,NAN,NA/Campania,comune/CAP,80131
CAN20210,CASORIA,,NAN,NA/Campania,comune/CAP,80026
CAN20249,NAPOLI,,NAN,NA/Campania,comune/CAP,80125
CAN20254,NAPOLI,,NAN,NA/Campania,comune/CAP,80128
CAN20263,GRAGNANO,,NAN,NA/Campania,comune/CAP,80054
CAN20265,POMPEI E SCAVI,,NAN,NA/Campania,comune/CAP,80045
CAN20267,META,,NAN,NA/Campania,comune/CAP,80062
CAN20272,PORTICI,,NAN,NA/Campania,comune/CAP,80055
CAN20285,75005 PARIS (EURO I 334),,NAN,ESTERO,estero,
CAN20289,"2160 SZ LISSE, HOLLAND",,NAN,ESTERO,estero,
CAN20531,NAPOLI,,NAN,NA/Campania,comune/CAP,80133
CAN20533,NAPOLI,,NAN,NA/Campania,comune/CAP,80135
CAN20537,NAPOLI,,NAN,NA/Campania,comune/CAP,80132
CAN20553,GIUGLIANO IN CAMPANIA,,NAN,NA/Campania,comune/CAP,80014
CAN20555,NAPOLI,,NAN,NA/Campania,comune/CAP,80132
CAN20556,NAPOLI,,NAN,NA/Campania,comune/CAP,80127
CAN20560,FLUMINIMAGGIORE,Sardegna,CI,SU,comune/CAP,09010
CAN20699,LA MADDALENA,Sardegna,OT,SS,comune/CAP,07024
CAN20700,4056 - BASEL,,NAN,ESTERO,estero,
CAN20703,LA MADDALENA,Sardegna,OT,SS,comune/CAP,07024
CAN20706,LA MADDALENA,Sardegna,OT,SS,comune/CAP,07024
CAN20708,LA MADDALENA,Sardegna,OT,SS,comune/CAP,07024
CAN20712,NAPOLI,,NAN,NA/Campania,comune/CAP,80129
CAN20718,TORRE DEL GRECO,,NAN,NA/Campania,comune/CAP,80059
CAN20723,LA MADDALENA,Sardegna,OT,SS,comune/CAP,07024
CAN20726,LA MADDALENA,Sardegna,OT,SS,comune/CAP,07024
CAN20733,PORTICI,,NAN,NA/Campania,comune/CAP,80055
CAN20735,NAPOLI,,NAN,NA/Campania,comune/CAP,80129
CAN20748,CAMBRIDGE CB2 3RH,,NAN,ESTERO,estero,
CAN20770,MUGNANO DI NAPOLI,,NAN,NA/Campania,comune/CAP,80018
CAN20773,NAPOLI,,NAN,NA/Campania,comune/CAP,80143
CAN20777,OTTAVIANO,,NAN,NA/Campania,comune/CAP,80044
CAN20868,NAPOLI,,NAN,NA/Campania,comune/CAP,80147
CAN20888,TORRE DEL GRECO,,NAN,NA/Campania,comune/CAP,80059
CAN20893,SAN GIORGIO A CREMANO,,NAN,NA/Campania,comune/CAP,80046
CAN21009,MUGNANO DI NAPOLI,,NAN,NA/Campania,comune/CAP,80018
CAN21010,BACOLI,,NAN,NA/Campania,comune/CAP,80070
CAN21011,QUARTO,,NAN,NA/Campania,comune/CAP,80010
CAN21012,NAPOLI,,NAN,NA/Campania,comune/CAP,80132
CAN21013,S.GIORGIO A CREMANO,,NAN,NA/Campania,comune/CAP,80046
CAN21014,BOSCOTRECASE,,NAN,NA/Campania,comune/CAP,80042
CAN21016,NAPOLI,,NAN,NA/Campania,comune/CAP,80121
CAN21017,S.SEBASTIANO AL VESUVIO,,NAN,NA/Campania,comune/CAP,80040
CAN21019,NAPOLI,,NAN,NA/Campania,comune/CAP,80141
CAN21039,SANLURI,Sardegna,VS,SU,comune/CAP,09025
CAN21065,SETTIMO S.PIETRO,Sardegna,VS,CA,comune/CAP,09040
CAN21069,BARISARDO,Sardegna,OG,NU,comune/CAP,08042
CAN21119,ERCOLANO,,NAN,NA/Campania,comune/CAP,80056
CAN21124,CASALNUOVO DI NAPOLI,,NAN,NA/Campania,comune/CAP,80013
CAN21231,NAPOLI,,NAN,NA/Campania,comune/CAP,80132
CAN21239,MARIGLIANO,,NAN,NA/Campania,comune/CAP,80034
CAN21243,BELLAVISTA,,NAN,NA/Campania,comune/CAP,80055
CAN21248,OTTAVIANO,,NAN,NA/Campania,comune/CAP,80036
CAN21262,S.GIUSEPPE VESUVIANO,,NAN,NA/Campania,comune/CAP,80047
CAN21266,S.GENNARO VESUVIANO,,NAN,NA/Campania,comune/CAP,80040
CAN21346,28359 BREMEN,,NAN,ESTERO,estero,
CAN21413,PERDAXIUS,Sardegna,CI,SU,comune/CAP,09010
CAN21428,FRIBOURG                1701,,NAN,ESTERO,estero,
CAN21434,NAPOLI,,NAN,NA/Campania,comune/CAP,80144
CAN21439,NAPOLI,,NAN,NA/Campania,comune/CAP,80122
CAN21442,TORRE DEL GRECO,,NAN,NA/Campania,comune/CAP,80059
CAN21443,NAPOLI,,NAN,NA/Campania,comune/CAP,80121
CAN21444,NAPOLI,,NAN,NA/Campania,comune/CAP,80121
CAN21445,NAPOLI,,NAN,NA/Campania,comune/CAP,80122
CAN21447,NAPOLI,,NAN,NA/Campania,comune/CAP,80122
CAN21449,NAPOLI,,NAN,NA/Campania,comune/CAP,80126
CAN21453,S.GIORGIO A CREMANO,,NAN,NA/Campania,comune/CAP,80046
CAN21456,S.GIORGIO A CREMANO,,NAN,NA/Campania,comune/CAP,80046
CAN21458,NAPOLI,,NAN,NA/Campania,comune/CAP,80131
CAN21553,1000 BERLIN 30,,NAN,ESTERO,estero,
CAN21607,NAPOLI,,NAN,NA/Campania,comune/CAP,80144
CAN21648,3571 LV UTRECHT,,NAN,ESTERO,estero,
CAN21680,NEW DELHI - 110021,,NAN,ESTERO,estero,
CAN21715,NAPOLI,,NAN,NA/Campania,comune/CAP,80139
CAN21721,S.GIORGIO A CREMANO,,NAN,NA/Campania,comune/CAP,80046
CAN21728,AGEROLA,,NAN,NA/Campania,comune/CAP,80051
CAN21733,NAPOLI,,NAN,NA/Campania,comune/CAP,80133
CAN21734,NAPOLI,,NAN,NA/Campania,comune/CAP,80121
CAN21752,NAPOLI,,NAN,NA/Campania,comune/CAP,80126
CAN21766,POMIGLIANO D'ARCO,,NAN,NA/Campania,comune/CAP,80038
CAN21768,NAPOLI,,NAN,NA/Campania,comune/CAP,80121
CAN21773,NAPOLI,,NAN,NA/Campania,comune/CAP,80131
CAN21774,FRATTAMAGGIORE,,NAN,NA/Campania,comune/CAP,80027
CAN21775,NAPOLI,,NAN,NA/Campania,comune/CAP,80121
CAN21776,NAPOLI,,NAN,NA/Campania,comune/CAP,80143
CAN21777,MARIGLIANO,,NAN,NA/Campania,comune/CAP,80034
CAN21908,VIL ST.VINCENT,,BE,AO/Valle d'Aosta,noto,05864
CAN21921,75004 PARIGI,,NAN,ESTERO,estero,
CAN21967,78500 SARTROUVILLE,,NAN,ESTERO,estero,
CAN21975,7000 STUTTGART 1,,NAN,ESTERO,estero,
CAN21991,92170 VANVES,,NAN,ESTERO,estero,
CAN21997,OLBIA,Sardegna,OT,SS,comune/CAP,07026
CAN22000,TORRE DEL GRECO,,NAN,NA/Campania,comune/CAP,80059
CAN22007,NAPOLI,,NAN,NA/Campania,comune/CAP,80130
CAN22013,NAPOLI,,NAN,NA/Campania,comune/CAP,80131
CAN22016,FLUMINIMAGGIORE,Sardegna,CI,SU,comune/CAP,09010
CAN22017,NAPOLI,,NAN,NA/Campania,comune/CAP,80122
CAN22025,NAPOLI,,NAN,NA/Campania,comune/CAP,80122
CAN22028,NAPOLI,,NAN,NA/Campania,comune/CAP,80126
CAN22030,NAPOLI,,NAN,NA/Campania,comune/CAP,80129
CAN22031,NAPOLI,,NAN,NA/Campania,comune/CAP,80132
CAN22047,BACOLI,,NAN,NA/Campania,comune/CAP,80070
CAN22123,NAPOLI,,NAN,NA/Campania,comune/CAP,80132
CAN22126,NAPOLI,,NAN,NA/Campania,comune/CAP,80126
CAN22134,GIUGLIANO IN CAMPANIA,,NAN,NA/Campania,comune/CAP,80014
CAN22140,NAPOLI,,NAN,NA/Campania,comune/CAP,80143
CAN22141,NAPOLI,,NAN,NA/Campania,comune/CAP,80126
CAN22223,NAPOLI,,NAN,NA/Campania,comune/CAP,80121
CAN22265,NAPOLI,,NAN,NA/Campania,comune/CAP,80125
CAN22277,NAPOLI,,NAN,NA/Campania,comune/CAP,80121
CAN22332,SANTADI,Sardegna,CI,SU,comune/CAP,09010
CAN22400,NAPOLI,,NAN,NA/Campania,comune/CAP,80131
CAN22456,S.GIUSEPPE VESUVIANO,,NAN,NA/Campania,comune/CAP,80047
CAN22459,BOSCOTRECASE,,NAN,NA/Campania,comune/CAP,80042
CAN22461,NAPOLI,,NAN,NA/Campania,comune/CAP,80137
CAN22464,NAPOLI,,NAN,NA/Campania,comune/CAP,80122
CAN22473,ACERRA,,NAN,NA/Campania,comune/CAP,80011
CAN22484,NAPOLI,,NAN,NA/Campania,comune/CAP,80122
CAN22489,ACERRA,,NAN,NA/Campania,comune/CAP,80011
CAN22493,NAPOLI,,NAN,NA/Campania,comune/CAP,80136
CAN22495,NAPOLI,,NAN,NA/Campania,comune/CAP,80144
CAN22499,NAPOLI,,NAN,NA/Campania,comune/CAP,80142
CAN22502,S.GIORGIO A CREMANO,,NAN,NA/Campania,comune/CAP,80046
CAN22503,POMIGLIANO D'ARCO,,NAN,NA/Campania,comune/CAP,80038
CAN22507,ACERRA,,NAN,NA/Campania,comune/CAP,80011
CAN22582,BORGOMAGGIORE DI SAN MARINO,,SM,Emilia-Romagna (S.Marino),sanmarino,47893
CAN22599,LUZERN                  6002,,NAN,ESTERO,estero,
CAN22602,NAPOLI,,NAN,NA/Campania,comune/CAP,80133
CAN22669,NAPOLI,,NAN,NA/Campania,comune/CAP,80133
CAN22670,BAGNOLI,,NAN,NA/Campania,noto,80124
CAN22673,NAPOLI,,NAN,NA/Campania,comune/CAP,80121
CAN22678,NAPOLI,,NAN,NA/Campania,comune/CAP,80121
CAN22691,ISCHIA PORTO,,NAN,NA/Campania,comune/CAP,80077
CAN22693,NAPOLI,,NAN,NA/Campania,comune/CAP,80143
CAN22697,NAPOLI,,NAN,NA/Campania,comune/CAP,80143
CAN22699,NAPOLI,,NAN,NA/Campania,comune/CAP,80133
CAN22700,S.SEBASTIANO AL VESUVIO,,NAN,NA/Campania,comune/CAP,80040
CAN22703,NAPOLI,,NAN,NA/Campania,comune/CAP,80144
CAN22704,NAPOLI,,NAN,NA/Campania,comune/CAP,80128
CAN22923,NAPOLI,,NAN,NA/Campania,comune/CAP,80133
CAN22927,NAPOLI,,NAN,NA/Campania,comune/CAP,80132
CAN23117,HELSINGBORG,,SE,ESTERO,estero,
CAN23124,NAPOLI,,NAN,NA/Campania,comune/CAP,80131
CAN23214,CARBONIA CENTRO,Sardegna,CI,SU,comune/CAP,09013
CAN23250,NAPOLI,,NAN,NA/Campania,comune/CAP,80144
CAN23251,TORRE DEL GRECO,,NAN,NA/Campania,comune/CAP,80059
CAN23291,NAPOLI,,NAN,NA/Campania,comune/CAP,80138
CAN23305,NAPOLI,,NAN,NA/Campania,comune/CAP,80121
CAN23308,NAPOLI,,NAN,NA/Campania,comune/CAP,80121
CAN23309,OSCHIRI,Sardegna,OT,SS,comune/CAP,07027
CAN23310,OLBIA,Sardegna,OT,SS,comune/CAP,07026
CAN23311,OLBIA,Sardegna,OT,SS,comune/CAP,07026
CAN23312,OLBIA,Sardegna,OT,SS,comune/CAP,07026
CAN23334,VOLLA,,NAN,NA/Campania,comune/CAP,80040
CAN23339,PORTICI,,NAN,NA/Campania,comune/CAP,80055
CAN23368,BARANO D'ISCHIA,,NAN,NA/Campania,comune/CAP,80070
CAN23377,S.ANASTASIA,,NAN,NA/Campania,comune/CAP,80048
CAN23383,ERCOLANO,,NAN,NA/Campania,comune/CAP,80056
CAN23386,S.ANASTASIA,,NAN,NA/Campania,comune/CAP,80048
CAN23400,NAPOLI,,NAN,NA/Campania,comune/CAP,80131
CAN23405,NOLA,,NAN,NA/Campania,comune/CAP,80035
CAN23409,NAPOLI,,NAN,NA/Campania,comune/CAP,80125
CAN23410,NAPOLI,,NAN,NA/Campania,comune/CAP,80134
CAN23411,MASSA LUBRENSE,,NAN,NA/Campania,comune/CAP,80061
CAN23412,NAPOLI,,NAN,NA/Campania,comune/CAP,80121
CAN23535,ERCOLANO,,NAN,NA/Campania,comune/CAP,80056
CAN23545,PORTICI,,NAN,NA/Campania,comune/CAP,80055
CAN23570,NAPOLI,,NAN,NA/Campania,comune/CAP,80131
CAN23575,NAPOLI,,NAN,NA/Campania,comune/CAP,80139
CAN23594,PORTICI,,NAN,NA/Campania,comune/CAP,80055
CAN23595,NAPOLI,,NAN,NA/Campania,comune/CAP,80131
CAN23626,MUNSTER,,11,ESTERO,estero,04400
CAN23629,VILLENEUVE D'ASCQ,,75,ESTERO,estero,59650
CAN23633,RIJEKA,,JP,ESTERO,estero,05100
CAN23647,HEIDELBERG 1,,11,ESTERO,estero,06900
CAN23654,NAPOLI,,NAN,NA/Campania,comune/CAP,80128
CAN23825,S.GIUSEPPE VESUVIANO,,NAN,NA/Campania,comune/CAP,80047
CAN23826,NAPOLI,,NAN,NA/Campania,comune/CAP,80122
CAN23827,NAPOLI,,NAN,NA/Campania,comune/CAP,80122
CAN23828,S.GIORGIO A CREMANO,,NAN,NA/Campania,comune/CAP,80046
CAN23850,NAPOLI,,NAN,NA/Campania,comune/CAP,80131
CAN23860,OTTAVIANO,,NAN,NA/Campania,comune/CAP,80044
CAN23932,NEW DELHI       110002,,IN,ESTERO,estero,
CAN23935,LEVENS,,75,ESTERO,estero,06670
CAN23938,CALTECH PASADENA,,ZZ,ESTERO,estero,
CAN23950,BLOOMINGTON - 47405 INDIANA,,IN,ESTERO,estero,
CAN23977,UTRECHT 3508 TA,,NL,ESTERO,estero,
CAN23984,PARIS,,75,ESTERO,estero,75116
CAN23987,ROCCARAINOLA,,NAN,NA/Campania,comune/CAP,80030
CAN23989,GERMERING,,11,ESTERO,estero,08034
CAN23993,MARANO DI NAPOLI,,NAN,NA/Campania,comune/CAP,80016
CAN23997,COPENHAGEN,,001,ESTERO,estero,02100
CAN24043,"NOTRE DAME,INDIANA 46556",,IN,ESTERO,estero,
CAN24074,CH-8001  ZURICH,,ZH,ESTERO,estero,
CAN24076,CASAVATORE,,NAN,NA/Campania,comune/CAP,80020
CAN24077,"NEW YORK, NY 10027",,NY,ESTERO,estero,
CAN24091,MOSCOW 125083,,01,ESTERO,estero,
CAN24093,CARBONIA CENTRO,Sardegna,CI,SU,comune/CAP,09013
CAN24094,LUCKNOW U.P.,,IN,ESTERO,estero,
CAN24136,BARCELONA,,08,ESTERO,estero,08029
CAN24176,CAIVANO,,NAN,NA/Campania,comune/CAP,80023
CAN24177,NAPOLI,,NAN,NA/Campania,comune/CAP,80143
CAN24178,NAPOLI,,NAN,NA/Campania,comune/CAP,80142
CAN24187,NAPOLI,,NAN,NA/Campania,comune/CAP,80135
CAN24188,NAPOLI,,NAN,NA/Campania,comune/CAP,80131
CAN24189,NAPOLI,,NAN,NA/Campania,comune/CAP,80138
CAN24190,ISCHIA,,NAN,NA/Campania,comune/CAP,80070
CAN24192,S.GIORGIO A CREMANO,,NAN,NA/Campania,comune/CAP,80046
CAN24193,S.GIORGIO A CREMANO,,NAN,NA/Campania,comune/CAP,80046
CAN24194,VILLARICCA,,NAN,NA/Campania,comune/CAP,80010
CAN24265,MARANO DI NAPOLI,,NAN,NA/Campania,comune/CAP,80016
CAN24308,PERDAXIUS,Sardegna,CI,SU,comune/CAP,09010
CAN24311,VICO EQUENSE,,NAN,NA/Campania,comune/CAP,80069
CAN24326,NAPOLI,,NAN,NA/Campania,comune/CAP,80122
CAN24327,CRISPANO,,NAN,NA/Campania,noto,80020
CAN24328,NAPOLI,,NAN,NA/Campania,comune/CAP,80141
CAN24330,CARDITO,,NAN,NA/Campania,comune/CAP,80024
CAN24331,PORTICI,,NAN,NA/Campania,comune/CAP,80055
CAN24339,META,,NAN,NA/Campania,comune/CAP,80062
CAN24341,NAPOLI,,NAN,NA/Campania,comune/CAP,80122
CAN24342,CARBONIA,Sardegna,CI,SU,comune/CAP,09018
CAN24343,CARBONIA CENTRO,Sardegna,CI,SU,comune/CAP,09013
CAN24344,NAPOLI,,NAN,NA/Campania,comune/CAP,80122
CAN24390,ERLANGEN               8520,,NAN,ESTERO,estero,
CAN24395,PARIS CEDEX 05         75230,,NAN,ESTERO,estero,
CAN24404,NAPOLI,,NAN,NA/Campania,comune/CAP,80123
CAN24500,S.ANGELO,,NAN,NA/Campania,noto,80070
CAN24506,MARIGLIANO,,NAN,NA/Campania,comune/CAP,80034
CAN24517,POZZUOLI E CANTIERE,,NAN,NA/Campania,comune/CAP,80078
CAN24535,POMIGLIANO DI NAPOLI,,NAN,NA/Campania,noto,80013
CAN24537,SAN GIUSEPPE VESUVIANO,,NAN,NA/Campania,comune/CAP,80047
CAN24538,ARZANO,,NAN,NA/Campania,comune/CAP,80022
CAN24542,NAPOLI,,NAN,NA/Campania,comune/CAP,80121
CAN24550,NAPOLI,,NAN,NA/Campania,comune/CAP,80123
CAN24551,NAPOLI,,NAN,NA/Campania,comune/CAP,80122
CAN24552,NAPOLI,,NAN,NA/Campania,comune/CAP,80121
CAN24564,BAUNEI,Sardegna,OG,NU,comune/CAP,08040
CAN24566,BARISARDO,Sardegna,OG,NU,comune/CAP,08042
CAN24632,NAPOLI,,NAN,NA/Campania,comune/CAP,80133
CAN24633,NOLA,,NAN,NA/Campania,comune/CAP,80035
CAN24686,NAPOLI,,NAN,NA/Campania,comune/CAP,80123
CAN24698,NAPOLI,,NAN,NA/Campania,comune/CAP,80122
CAN24719,NAPOLI,,NAN,NA/Campania,comune/CAP,80127
CAN24722,NAPOLI,,NAN,NA/Campania,comune/CAP,80122
CAN24726,NAPOLI,,NAN,NA/Campania,comune/CAP,80136
CAN24730,NAPOLI,,NAN,NA/Campania,comune/CAP,80121
CAN24763,REPUBBLICA DI SAN MARINO,,NAN,Emilia-Romagna (S.Marino),sanmarino,47890
CAN24825,REPUBBLICA DI SAN MARINO,,NAN,Emilia-Romagna (S.Marino),sanmarino,47031
CAN24896,POMPEI E SCAVI,,NAN,NA/Campania,comune/CAP,80045
CAN24932,NAPOLI,,NAN,NA/Campania,comune/CAP,80133
CAN25011,POMIGLIANO,,NAN,NA/Campania,noto,80031
CAN25060,NAPOLI,,NAN,NA/Campania,comune/CAP,80121
CAN25069,CASALNUOVO DI NAPOLI,,NAN,NA/Campania,comune/CAP,80013
CAN25078,NAPOLI,,NAN,NA/Campania,comune/CAP,80129
CAN25079,NAPOLI,,NAN,NA/Campania,comune/CAP,80121
CAN25081,NAPOLI,,NAN,NA/Campania,comune/CAP,80121
CAN25082,NAPOLI,,NAN,NA/Campania,comune/CAP,80121
CAN25083,NAPOLI,,NAN,NA/Campania,comune/CAP,80122
CAN25084,CAPRI,,NAN,NA/Campania,comune/CAP,80073
CAN25105,NAPOLI,,NAN,NA/Campania,comune/CAP,80129
CAN25215,GONNESA,Sardegna,CI,SU,comune/CAP,09010
CAN25218,NAPOLI,,NAN,NA/Campania,comune/CAP,80138
CAN25226,NAPOLI,,NAN,NA/Campania,comune/CAP,80129
CAN25236,NAPOLI,,NAN,NA/Campania,comune/CAP,80138
CAN25249,NAPOLI,,NAN,NA/Campania,comune/CAP,80129
CAN25253,NAPOLI,,NAN,NA/Campania,comune/CAP,80122
CAN25273,ACERRA,,NAN,NA/Campania,comune/CAP,80011
CAN25287,NAPOLI,,NAN,NA/Campania,comune/CAP,80142
CAN25290,ACERRA,,NAN,NA/Campania,comune/CAP,80011
CAN25292,CASALNUOVO DI NAPOLI,,NAN,NA/Campania,comune/CAP,80013
CAN25294,MARIGLIANO,,NAN,NA/Campania,comune/CAP,80034
CAN25296,MARIGLIANO,,NAN,NA/Campania,comune/CAP,80034
CAN25303,SORRENTO,,NAN,NA/Campania,comune/CAP,80067
CAN25310,NAPOLI,,NAN,NA/Campania,comune/CAP,80125
CAN25311,SORRENTO,,NAN,NA/Campania,comune/CAP,80067
CAN25314,TORRE DEL GRECO,,NAN,NA/Campania,comune/CAP,80059
CAN25319,POMIGLIANO D'ARCO,,NAN,NA/Campania,comune/CAP,80038
CAN25354,SAN GENNARO VESUVIANO,,NAN,NA/Campania,comune/CAP,80040
CAN25362,NAPOLI,,NAN,NA/Campania,comune/CAP,80123
CAN25410,CASALNUOVO DI NAPOLI,,NAN,NA/Campania,comune/CAP,80013
CAN25500,NAPOLI,,NAN,NA/Campania,comune/CAP,80123
CAN25503,NAPOLI,,NAN,NA/Campania,comune/CAP,80122
CAN25506,MARIGLIANELLA,,NAN,NA/Campania,comune/CAP,80030
CAN25520,POMIGLIANO D'ARCO,,NAN,NA/Campania,comune/CAP,80038
CAN25533,NAPOLI,,NAN,NA/Campania,comune/CAP,80122
CAN25536,NAPOLI,,NAN,NA/Campania,comune/CAP,80123
CAN25539,NAPOLI,,NAN,NA/Campania,comune/CAP,80132
CAN25571,PALMA CAMPANIA,,NAN,NA/Campania,comune/CAP,80036
CAN25658,NAPOLI,,NAN,NA/Campania,comune/CAP,80123
CAN25668,NAPOLI,,NAN,NA/Campania,comune/CAP,80123
CAN25677,NAPOLI,,NAN,NA/Campania,comune/CAP,80124
CAN25679,NAPOLI,,NAN,NA/Campania,comune/CAP,80123
CAN25682,NAPOLI,,NAN,NA/Campania,comune/CAP,80123
CAN25684,PIAZZOLLA,,NAN,NA/Campania,noto,80037
CAN25686,NAPOLI,,NAN,NA/Campania,comune/CAP,80146
CAN25691,SOMMA VESUVIANA,,NAN,NA/Campania,comune/CAP,80049
CAN25695,NAPOLI,,NAN,NA/Campania,comune/CAP,80132
CAN25751,NAPOLI,,NAN,NA/Campania,comune/CAP,80129
CAN25752,TORRE ANNUNZIATA,,NAN,NA/Campania,comune/CAP,80058
CAN25754,CARDITO,,NAN,NA/Campania,comune/CAP,80024
CAN25757,NAPOLI,,NAN,NA/Campania,comune/CAP,80128
CAN25765,NAPOLI,,NAN,NA/Campania,comune/CAP,80122
CAN25769,MARANO DI NAPOLI,,NAN,NA/Campania,comune/CAP,80016
CAN25770,PORTICI,,NAN,NA/Campania,comune/CAP,80055
CAN25771,PORTICI,,NAN,NA/Campania,comune/CAP,80055
CAN25772,PORTICI,,NAN,NA/Campania,comune/CAP,80055
CAN25773,S.GIORGIO A CREMANO,,NAN,NA/Campania,comune/CAP,80056
CAN25774,PORTICI,,NAN,NA/Campania,comune/CAP,80055
CAN25775,NAPOLI,,NAN,NA/Campania,comune/CAP,80142
CAN25776,PORTICI,,NAN,NA/Campania,comune/CAP,80055
CAN25778,CASAVATORE,,NAN,NA/Campania,comune/CAP,80020
CAN25779,NAPOLI,,NAN,NA/Campania,comune/CAP,80127
CAN25837,FLUMINIMAGGIORE,Sardegna,CI,SU,comune/CAP,09010
CAN25840,MUSEI,Sardegna,CI,SU,comune/CAP,09010
CAN25842,LA MADDALENA,Sardegna,OT,SS,comune/CAP,07024
CAN25846,NUXIS,Sardegna,CI,SU,comune/CAP,09010
CAN25847,GOLFO ARANCI,Sardegna,OT,SS,comune/CAP,07020
CAN25860,NAPOLI,,NAN,NA/Campania,comune/CAP,80135
CAN25865,NAPOLI,,NAN,NA/Campania,comune/CAP,80128
CAN25870,NAPOLI,,NAN,NA/Campania,comune/CAP,80132
CAN25874,NAPOLI,,NAN,NA/Campania,comune/CAP,80122
CAN25879,GOLFO ARANCI,Sardegna,OT,SS,comune/CAP,07020
CAN25881,NAPOLI,,NAN,NA/Campania,comune/CAP,80123
CAN25889,S.GENNARO VESUVIANO,,NAN,NA/Campania,comune/CAP,80040
CAN25892,OLBIA,Sardegna,OT,SS,comune/CAP,07026
CAN25898,SAN GENNARO VESUVIANO,,NAN,NA/Campania,comune/CAP,80040
CAN25902,NAPOLI,,NAN,NA/Campania,comune/CAP,80122
CAN25905,POZZUOLI E CANTIERE,,NAN,NA/Campania,comune/CAP,80078
CAN25913,OTTAVIANO,,NAN,NA/Campania,comune/CAP,80044
CAN26095,NAPOLI,,NAN,NA/Campania,comune/CAP,80121
CAN26100,NAPOLI,,NAN,NA/Campania,comune/CAP,80137
CAN26108,NAPOLI,,NAN,NA/Campania,comune/CAP,80121
CAN26114,CERCOLA,,NAN,NA/Campania,comune/CAP,80040
CAN26130,NAPOLI,,NAN,NA/Campania,comune/CAP,80122
CAN26135,VILLAMAR,Sardegna,VS,SU,comune/CAP,09020
CAN26138,S.ANTONIO ABATE,,NAN,NA/Campania,comune/CAP,80057
CAN26223,NAPOLI,,NAN,NA/Campania,comune/CAP,80143
CAN26228,NAPOLI,,NAN,NA/Campania,comune/CAP,80122
CAN26231,NAPOLI,,NAN,NA/Campania,comune/CAP,80134
CAN26233,NAPOLI,,NAN,NA/Campania,comune/CAP,80128
CAN26362,LA VALLETTA - MALTA,,NAN,ESTERO,estero,
CAN26480,POMIGLIANO D'ARCO,,NAN,NA/Campania,comune/CAP,80038
CAN26481,NAPOLI,,NAN,NA/Campania,comune/CAP,80122
CAN26483,NAPOLI,,NAN,NA/Campania,comune/CAP,80128
CAN26484,NAPOLI,,NAN,NA/Campania,comune/CAP,80121
CAN26485,NAPOLI,,NAN,NA/Campania,comune/CAP,80121
CAN26486,NAPOLI,,NAN,NA/Campania,comune/CAP,80122
CAN26488,NAPOLI,,NAN,NA/Campania,comune/CAP,80122
CAN26489,BOSCOREALE,,NAN,ESTERO,estero,80041
CAN26496,VILLAMAR,Sardegna,VS,SU,comune/CAP,09020
CAN26596,NAPOLI,,NAN,NA/Campania,comune/CAP,80121
CAN26602,CERCOLA,,NAN,NA/Campania,comune/CAP,80040
CAN26605,SCISCIANO,,NAN,NA/Campania,comune/CAP,80030
CAN26614,TORRE DEL GRECO,,NAN,NA/Campania,comune/CAP,80059
CAN26616,SORRENTO,,NAN,NA/Campania,comune/CAP,80067
CAN26622,PIANO DI SORRENTO,,NAN,NA/Campania,comune/CAP,80063
CAN26624,NOLA,,NAN,NA/Campania,comune/CAP,80035
CAN26658,CASORIA,,NAN,NA/Campania,comune/CAP,80026
CAN26664,MARANO DI NAPOLI,,NAN,NA/Campania,comune/CAP,80016
CAN26671,CASALNUOVO DI NAPOLI,,NAN,NA/Campania,comune/CAP,80013
CAN26677,MARIGLIANO,,NAN,NA/Campania,comune/CAP,80034
CAN26685,MARIGLIANO,,NAN,NA/Campania,comune/CAP,80034
CAN26709,NAPOLI,,NAN,NA/Campania,comune/CAP,80127
CAN26712,TORRE DEL GRECO,,NAN,NA/Campania,comune/CAP,80059
CAN26719,NOLA,,NAN,NA/Campania,comune/CAP,80035
CAN26733,GRUMO NEVANO,,NAN,NA/Campania,comune/CAP,80028
CAN26818,GIUGLIANO IN CAMPANIA,,NAN,NA/Campania,comune/CAP,80014
CAN26826,GIUGLIANO IN CAMPANIA,,NAN,NA/Campania,comune/CAP,80014
CAN26835,NAPOLI,,NAN,NA/Campania,comune/CAP,80128
CAN26841,GIUGLIANO IN CAMPANIA,,NAN,NA/Campania,comune/CAP,80014
CAN26847,NAPOLI,,NAN,NA/Campania,comune/CAP,80131
CAN26871,GIUGLIANO IN CAMPANIA,,NAN,NA/Campania,comune/CAP,80014
CAN26876,NAPOLI,,NAN,NA/Campania,comune/CAP,80121
CAN26895,COMIZIANO,,NAN,NA/Campania,comune/CAP,80030
CAN26896,S.PAOLO BEL SITO,,NAN,NA/Campania,comune/CAP,80030
CAN26900,NAPOLI,,NAN,NA/Campania,comune/CAP,80122
CAN26902,NAPOLI,,NAN,NA/Campania,comune/CAP,80121
CAN26903,NAPOLI,,NAN,NA/Campania,comune/CAP,80125
CAN26904,NAPOLI,,NAN,NA/Campania,comune/CAP,80123
CAN27196,NAPOLI,,NAN,NA/Campania,comune/CAP,80121
CAN27217,NAPOLI,,NAN,NA/Campania,comune/CAP,80123
CAN27221,LUGANO-BESSO          6900,,NAN,ESTERO,estero,
CAN27226,NAPOLI,,NAN,NA/Campania,comune/CAP,80123
CAN27234,NAPOLI,,NAN,NA/Campania,comune/CAP,80122
CAN27249,PIMONTE,,NAN,NA/Campania,comune/CAP,80050
CAN27257,NAPOLI,,NAN,NA/Campania,comune/CAP,80127
CAN27258,CASALNUOVO DI NAPOLI,,NAN,NA/Campania,comune/CAP,80013
CAN27259,NAPOLI,,NAN,NA/Campania,comune/CAP,80121
CAN27260,NAPOLI,,NAN,NA/Campania,comune/CAP,80121
CAN27261,NAPOLI,,NAN,NA/Campania,comune/CAP,80127
CAN27262,NAPOLI,,NAN,NA/Campania,comune/CAP,80122
CAN27263,NAPOLI,,NAN,NA/Campania,comune/CAP,80122
CAN27430,5490 AB SINT - OEDENRODE,,NAN,ESTERO,estero,
CAN27516,NAPOLI,,NAN,NA/Campania,comune/CAP,80124
CAN27536,SORRENTO,,NAN,NA/Campania,comune/CAP,80067
CAN27542,VICO EQUENSE,,NAN,NA/Campania,comune/CAP,80069
CAN27556,NAPOLI,,NAN,NA/Campania,comune/CAP,80122
CAN27558,NAPOLI,,NAN,NA/Campania,comune/CAP,80123
CAN27573,AFRAGOLA,,NAN,NA/Campania,comune/CAP,80021
CAN27654,CASALNUOVO DI NAPOLI,,NAN,NA/Campania,comune/CAP,80013
CAN27662,NAPOLI,,NAN,NA/Campania,comune/CAP,80122
CAN27676,NAPOLI,,NAN,NA/Campania,comune/CAP,80127
CAN27704,S.GIUSEPPE VESUVIANO,,NAN,NA/Campania,comune/CAP,80047
CAN27707,NAPOLI,,NAN,NA/Campania,comune/CAP,80129
CAN27710,S.SEBASTIANO AL VESUVIO,,NAN,NA/Campania,comune/CAP,80040
CAN27712,S.GIUSEPPE VESUVIANO,,NAN,NA/Campania,comune/CAP,80047
CAN27714,S.GIUSEPPE VESUVIANO,,NAN,NA/Campania,comune/CAP,80047
CAN27720,TORRE DEL GRECO,,NAN,NA/Campania,comune/CAP,80059
CAN27722,S.GIORGIO A CREMANO,,NAN,NA/Campania,comune/CAP,80046
CAN27727,NAPOLI,,NAN,NA/Campania,comune/CAP,80133
CAN27728,ERCOLANO,,NAN,NA/Campania,comune/CAP,80056
CAN27734,ERCOLANO,,NAN,NA/Campania,comune/CAP,80056
CAN27745,NAPOLI,,NAN,NA/Campania,comune/CAP,80123
CAN27750,NAPOLI,,NAN,NA/Campania,comune/CAP,80123
CAN27757,NAPOLI,,NAN,NA/Campania,comune/CAP,80135
CAN27761,OTTAVIANO,,NAN,NA/Campania,comune/CAP,80044
CAN27764,NAPOLI,,NAN,NA/Campania,comune/CAP,80121
CAN27769,BOSCOTRECASE,,NAN,NA/Campania,comune/CAP,80042
CAN27772,NAPOLI,,NAN,NA/Campania,comune/CAP,80126
CAN27783,VOLLA,,NAN,NA/Campania,comune/CAP,80040
CAN27785,NAPOLI,,NAN,NA/Campania,comune/CAP,80145
CAN27787,NAPOLI,,NAN,NA/Campania,comune/CAP,80145
CAN27792,NAPOLI,,NAN,NA/Campania,comune/CAP,80133
CAN27793,NAPOLI,,NAN,NA/Campania,comune/CAP,80135
CAN27795,NAPOLI,,NAN,NA/Campania,comune/CAP,80129
CAN27796,NAPOLI,,NAN,NA/Campania,comune/CAP,80122
CAN27817,BERCHIDDEDDU,Sardegna,OT,SS,comune/CAP,07020
CAN27839,NAPOLI,,NAN,NA/Campania,comune/CAP,80131
CAN27872,NAPOLI,,NAN,NA/Campania,comune/CAP,80121
CAN27874,S.SEBASTIANO AL VESUVIO,,NAN,NA/Campania,comune/CAP,80040
CAN27875,NAPOLI,,NAN,NA/Campania,comune/CAP,80122
CAN27887,VILLARICCA,,NAN,NA/Campania,comune/CAP,80010
CAN27901,NAPOLI,,NAN,NA/Campania,comune/CAP,80141
CAN27902,NAPOLI,,NAN,NA/Campania,comune/CAP,80139
CAN27912,NAPOLI,,NAN,NA/Campania,comune/CAP,80123
CAN27921,NAPOLI,,NAN,NA/Campania,comune/CAP,80123
CAN27925,NAPOLI,,NAN,NA/Campania,comune/CAP,80122
CAN27952,KINGSTON ONT K7L 3N6,,NAN,ESTERO,estero,
CAN27969,NAPOLI,,NAN,NA/Campania,comune/CAP,80121
CAN27972,CAMPOSANO,,NAN,NA/Campania,comune/CAP,80030
CAN27975,NAPOLI,,NAN,NA/Campania,comune/CAP,80122
CAN27992,VOLLA,,NAN,NA/Campania,comune/CAP,80040
CAN28026,CARLOFORTE,Sardegna,CI,SU,comune/CAP,09014
CAN28049,GRIES AM BRENNER (INNSBRUCK),,NAN,ESTERO,estero,
CAN28160,NAPOLI,,NAN,NA/Campania,comune/CAP,80132
CAN28174,NAPOLI,,NAN,NA/Campania,comune/CAP,80127
CAN28190,TERZIGNO,,NAN,NA/Campania,comune/CAP,80040
CAN28196,CARDITO,,NAN,NA/Campania,comune/CAP,80024
CAN28215,NAPOLI,,NAN,NA/Campania,comune/CAP,80125
CAN28439,NAPOLI,,NAN,NA/Campania,comune/CAP,80129
CAN28445,NAPOLI,,NAN,NA/Campania,comune/CAP,80135
CAN28450,NAPOLI,,NAN,NA/Campania,comune/CAP,80141
CAN28453,NAPOLI,,NAN,NA/Campania,comune/CAP,80121
CAN28463,NAPOLI,,NAN,NA/Campania,comune/CAP,80121
CAN28476,S.GIORGIO A CREMANO,,NAN,NA/Campania,comune/CAP,80046
CAN28514,NAPOLI,,NAN,NA/Campania,comune/CAP,80126
CAN28515,S.GIORGIO A CREMANO,,NAN,NA/Campania,comune/CAP,80046
CAN28516,NAPOLI,,NAN,NA/Campania,comune/CAP,80122
CAN28526,NAPOLI,,NAN,NA/Campania,comune/CAP,80127
CAN28532,NAPOLI,,NAN,NA/Campania,comune/CAP,80121
CAN28534,NAPOLI,,NAN,NA/Campania,comune/CAP,80121
CAN28536,NAPOLI,,NAN,NA/Campania,comune/CAP,80143
CAN28812,NAPOLI,,NAN,NA/Campania,comune/CAP,80121
CAN28814,NAPOLI,,NAN,NA/Campania,comune/CAP,80121
CAN28834,CASALNUOVO DI NAPOLI,,NAN,NA/Campania,comune/CAP,80013
CAN28845,CARLOFORTE,Sardegna,CI,SU,comune/CAP,09014
CAN28849,NAPOLI,,NAN,NA/Campania,comune/CAP,80131
CAN28850,CARLOFORTE,Sardegna,CI,SU,comune/CAP,09014
CAN28851,NAPOLI,,NAN,NA/Campania,comune/CAP,80121
CAN28852,CARLOFORTE,Sardegna,CI,SU,comune/CAP,09014
CAN28853,NAPOLI,,NAN,NA/Campania,comune/CAP,80129
CAN28854,MUGNANO DI NAPOLI,,NAN,NA/Campania,comune/CAP,80018
CAN28855,NAPOLI,,NAN,NA/Campania,comune/CAP,80124
CAN28864,PALMA CAMPANIA,,NAN,NA/Campania,comune/CAP,80036
CAN28868,NAPOLI,,NAN,NA/Campania,comune/CAP,80132
CAN28960,NAPOLI,,NAN,NA/Campania,comune/CAP,80122
CAN29034,MUGNANO DI NAPOLI,,NAN,NA/Campania,comune/CAP,80018
CAN29037,AFRAGOLA,,NAN,NA/Campania,comune/CAP,80021
CAN29041,AFRAGOLA,,NAN,NA/Campania,comune/CAP,80021
CAN29049,CASORIA,,NAN,NA/Campania,comune/CAP,80026
CAN29053,CASALNUOVO DI NAPOLI,,NAN,NA/Campania,comune/CAP,80013
CAN29122,"PARIS,",,75,ESTERO,estero,75012
CAN29124,"PARIS,",,75,ESTERO,estero,75014
CAN29267,NAPOLI,,NAN,NA/Campania,comune/CAP,80134
CAN29399,NAPOLI,,NAN,NA/Campania,comune/CAP,80122
CAN29411,COMIZIANO,,NAN,NA/Campania,comune/CAP,80030
CAN29414,CICCIANO,,NAN,NA/Campania,comune/CAP,80033
CAN29417,NAPOLI,,NAN,NA/Campania,comune/CAP,80122
CAN29422,META,,NAN,NA/Campania,comune/CAP,80062
CAN29431,CASORIA,,NAN,NA/Campania,comune/CAP,80026
CAN29439,NAPOLI,,NAN,NA/Campania,comune/CAP,80122
CAN29441,AFRAGOLA,,NAN,NA/Campania,comune/CAP,80021
CAN29444,NAPOLI,,NAN,NA/Campania,comune/CAP,80121
CAN29445,CASORIA,,NAN,NA/Campania,comune/CAP,80026
CAN29446,CASORIA,,NAN,NA/Campania,comune/CAP,80026
CAN29447,TORRE ANNUNZIATA,,NAN,NA/Campania,comune/CAP,80058
CAN29624,S.SEBASTIANO AL VESUVIO,,NAN,NA/Campania,comune/CAP,80040
CAN29627,NAPOLI,,NAN,NA/Campania,comune/CAP,80124
CAN29629,NAPOLI,,NAN,NA/Campania,comune/CAP,80128
CAN29630,MARIGLIANELLA,,NAN,NA/Campania,comune/CAP,80030
CAN29662,REPUBBLICA DI SAN MARINO,,NAN,Emilia-Romagna (S.Marino),sanmarino,47031
CAN29670,CARLOFORTE,Sardegna,CI,SU,comune/CAP,09014
CAN29673,GONNESA,Sardegna,CI,SU,comune/CAP,09010
CAN29787,CASTELLAMMARE DI STABIA,,NAN,NA/Campania,comune/CAP,80053
CAN29792,CASTELLAMMARE DI STABIA,,NAN,NA/Campania,comune/CAP,80053
CAN29801,NAPOLI,,NAN,NA/Campania,comune/CAP,80135
CAN29812,CASTELLAMMARE DI STABIA,,NAN,NA/Campania,comune/CAP,80053
CAN29952,NAPOLI,,NAN,NA/Campania,comune/CAP,80121
CAN29972,ACERRA,,NAN,NA/Campania,comune/CAP,80011
CAN29974,PORTICI,,NAN,NA/Campania,comune/CAP,80055
CAN29983,NAPOLI,,NAN,NA/Campania,comune/CAP,80135
CAN29984,BOSCOREALE,,NAN,ESTERO,estero,80041
CAN30050,PORTOSCUSO,Sardegna,CI,SU,comune/CAP,09010
CAN30054,S.GIOVANNI SUERGIU,Sardegna,CI,SU,comune/CAP,09010
CAN30069,S.GIOVANNI SUERGIU,Sardegna,CI,SU,comune/CAP,09010
CAN30073,PERDASDEFOGU,Sardegna,OG,NU,comune/CAP,08046
CAN30084,AFRAGOLA,,NAN,NA/Campania,comune/CAP,80021
CAN30108,ERCOLANO,,NAN,NA/Campania,comune/CAP,80056
CAN30128,NAPOLI,,NAN,NA/Campania,comune/CAP,80141
CAN30130,JERUSALEM            91140,,NAN,ESTERO,estero,
CAN30134,NAPOLI,,NAN,NA/Campania,comune/CAP,80142
CAN30137,NAPOLI,,NAN,NA/Campania,comune/CAP,80123
CAN30141,NAPOLI,,NAN,NA/Campania,comune/CAP,80129
CAN30148,FIN-01531 VANTAA,,NAN,ESTERO,estero,
CAN30256,VICO EQUENSE,,NAN,NA/Campania,comune/CAP,80069
CAN30282,NAPOLI,,NAN,NA/Campania,comune/CAP,80131
CAN30313,MIANO,,NAN,NA/Campania,noto,80131
CAN30375,NARCAO,Sardegna,CI,SU,comune/CAP,09010
CAN30378,VILLAMASSARGIA,Sardegna,CI,SU,comune/CAP,09010
CAN30379,NAPOLI,,NAN,NA/Campania,comune/CAP,80132
CAN30433,CERCOLA,,NAN,NA/Campania,comune/CAP,80040
CAN30444,LACCO AMENO,,NAN,NA/Campania,comune/CAP,80076
CAN30467,GIUGLIANO IN CAMPANIA,,NAN,NA/Campania,comune/CAP,80014
CAN30471,NAPOLI,,NAN,NA/Campania,comune/CAP,80134
CAN30478,NAPOLI,,NAN,NA/Campania,comune/CAP,80127
CAN30481,NAPOLI,,NAN,NA/Campania,comune/CAP,80122
CAN30488,PROCIDA,,NAN,NA/Campania,comune/CAP,80079
CAN30491,NAPOLI,,NAN,NA/Campania,comune/CAP,80123
CAN30494,LACCO AMENO,,NAN,NA/Campania,comune/CAP,80076
CAN30497,LACCO AMENO,,NAN,NA/Campania,comune/CAP,80076
CAN30499,LACCO AMENO,,NAN,NA/Campania,comune/CAP,80076
CAN30501,LACCO AMENO,,NAN,NA/Campania,comune/CAP,80076
CAN30503,NAPOLI,,NAN,NA/Campania,comune/CAP,80121
CAN30504,NOLA,,NAN,NA/Campania,comune/CAP,80035
CAN30641,LONDON NW8 6RE,,NAN,ESTERO,estero,
CAN30664,AFRAGOLA,,NAN,NA/Campania,comune/CAP,80021
CAN30764,SAN GIUSEPPE VESUVIANO,,NAN,NA/Campania,comune/CAP,80047
CAN30775,PORTICI,,NAN,NA/Campania,comune/CAP,80055
CAN30777,NAPOLI,,NAN,NA/Campania,comune/CAP,80129
CAN30804,TORRE DEL GRECO,,NAN,NA/Campania,comune/CAP,80059
CAN30806,TORRE DEL GRECO,,NAN,NA/Campania,comune/CAP,80059
CAN30810,TORRE DEL GRECO,,NAN,NA/Campania,comune/CAP,80059
CAN30825,TORRE ANNUNZIATA,,NAN,NA/Campania,comune/CAP,80058
CAN30829,AFRAGOLA,,NAN,NA/Campania,comune/CAP,80021
CAN30831,POGGIOMARINO,,NAN,NA/Campania,comune/CAP,80040
CAN30833,NAPOLI,,NAN,NA/Campania,comune/CAP,80123
CAN30848,VILLA SPECIOSA,Sardegna,CI,SU,comune/CAP,09010
CAN30857,NAPOLI,,NAN,NA/Campania,comune/CAP,80124
CAN30947,NAPOLI,,NAN,NA/Campania,comune/CAP,80133
CAN31041,NAPOLI,,NAN,NA/Campania,comune/CAP,80128
CAN31051,NAPOLI,,NAN,NA/Campania,comune/CAP,80122
CAN31053,NOLA,,NAN,NA/Campania,comune/CAP,80035
CAN31055,PARIS,,NAN,ESTERO,estero,75015
CAN31073,CASTELLAMMARE DI STABIA,,NAN,NA/Campania,comune/CAP,80053
CAN31088,NAPOLI,,NAN,NA/Campania,comune/CAP,80122
CAN31141,GERUSALEMME,,IL,ESTERO,estero,91013
CAN31160,IGLESIAS,Sardegna,CI,SU,comune/CAP,09016
CAN31187,NAPOLI,,NAN,NA/Campania,comune/CAP,80122
CAN31280,NAPOLI,,NAN,NA/Campania,comune/CAP,80129
CAN31283,NAPOLI,,NAN,NA/Campania,comune/CAP,80142
CAN31284,NAPOLI,,NAN,NA/Campania,comune/CAP,80128
CAN31289,NAPOLI,,NAN,NA/Campania,comune/CAP,80121
CAN31323,S.GIORGIO A CREMANO,,NAN,NA/Campania,comune/CAP,80046
CAN31334,S.GIORGIO A CREMANO,,NAN,NA/Campania,comune/CAP,80046
CAN31339,S.GIORGIO A CREMANO,,NAN,NA/Campania,comune/CAP,80046
CAN31342,S.GIORGIO A CREMANO,,NAN,NA/Campania,comune/CAP,80046
CAN31346,NAPOLI,,NAN,NA/Campania,comune/CAP,80127
CAN31351,COMIZIANO,,NAN,NA/Campania,comune/CAP,80030
CAN31357,BACOLI,,NAN,NA/Campania,comune/CAP,80070
CAN31359,BACOLI,,NAN,NA/Campania,comune/CAP,80070
CAN31361,S.GIORGIO A CREMANO,,NAN,NA/Campania,comune/CAP,80046
CAN31370,7A LINZ-OSTERREICH,,W,ESTERO,estero,04020
CAN31444,OSIJEK,,YU,ESTERO,estero,05400
CAN31447,NAPOLI,,NAN,NA/Campania,comune/CAP,80121
CAN31452,VILLACH,,T,ESTERO,estero,09500
CAN31461,KRITZENDORF,,W,ESTERO,estero,03420
CAN31463,PARIS,,75,ESTERO,estero,75005
CAN31465,ZAGREB,,YU,ESTERO,estero,45100
CAN31467,CASTELLAMMARE DI STABIA,,NAN,NA/Campania,comune/CAP,80053
CAN31468,SOPRON,,HU,ESTERO,estero,09400
CAN31471,LJUBJANA,,YU,ESTERO,estero,61001
CAN31476,SARAJEVO,,YU,ESTERO,estero,71001
CAN31477,SZEKESFEHERVAR,,HU,ESTERO,estero,08000
CAN31479,NAPOLI,,NAN,NA/Campania,comune/CAP,80122
CAN31484,WIEN,,W,ESTERO,estero,01000
CAN31485,NAPOLI,,NAN,NA/Campania,comune/CAP,80131
CAN31488,NAPOLI,,NAN,NA/Campania,comune/CAP,80125
CAN31493,ZAGREB,,YU,ESTERO,estero,41001
CAN31497,AUGSBURG,,11,ESTERO,estero,08900
CAN31502,WIEN,,W,ESTERO,estero,01010
CAN31503,BUDAPEST VIII,,HU,ESTERO,estero,
CAN31505,SPLIT,,YU,ESTERO,estero,05800
CAN31506,BUDAPEST,,HU,ESTERO,estero,01250
CAN31507,SARAJEVO,,YU,ESTERO,estero,71000
CAN31599,TORRE ANNUNZIATA,,NAN,NA/Campania,comune/CAP,80058
CAN31639,TORRE ANNUNZIATA,,NAN,NA/Campania,comune/CAP,80058
CAN31654,TORRE ANNUNZIATA,,NAN,NA/Campania,comune/CAP,80058
CAN31657,TORRE ANNUNZIATA,,NAN,NA/Campania,comune/CAP,80058
CAN31665,NAPOLI,,NAN,NA/Campania,comune/CAP,80143
CAN31670,NAPOLI,,NAN,NA/Campania,comune/CAP,80133
CAN31676,NAPOLI,,NAN,NA/Campania,comune/CAP,80122
CAN31680,CASAMICCIOLA TERME,,NAN,NA/Campania,comune/CAP,80074
CAN31686,GRUMO NEVANO,,NAN,NA/Campania,comune/CAP,80028
CAN31689,S.GIORGIO A CREMANO,,NAN,NA/Campania,comune/CAP,80046
CAN31692,NAPOLI,,NAN,NA/Campania,comune/CAP,80129
CAN31730,SAN GAVINO MONREALE,Sardegna,VS,SU,comune/CAP,09037
CAN31733,VILLAMASSARGIA,Sardegna,CI,SU,comune/CAP,09010
CAN31793,SAN VITALIANO,,NAN,NA/Campania,comune/CAP,80030
CAN31955,CASTELLAMMARE DI STABIA,,NAN,NA/Campania,comune/CAP,80053
CAN31985,CERCOLA,,NAN,NA/Campania,comune/CAP,80040
CAN31988,NAPOLI,,NAN,NA/Campania,comune/CAP,80133
CAN32001,NAPOLI,,NAN,NA/Campania,comune/CAP,80123
CAN32002,NAPOLI,,NAN,NA/Campania,comune/CAP,80138
CAN32003,NAPOLI,,NAN,NA/Campania,comune/CAP,80131
CAN32004,NAPOLI,,NAN,NA/Campania,comune/CAP,80128
CAN32005,NAPOLI,,NAN,NA/Campania,comune/CAP,80123
CAN32006,NAPOLI,,NAN,NA/Campania,comune/CAP,80121
CAN32007,CASORIA,,NAN,NA/Campania,comune/CAP,80026
CAN32008,NAPOLI,,NAN,NA/Campania,comune/CAP,80123
CAN32009,NAPOLI,,NAN,NA/Campania,comune/CAP,80132
CAN32171,JERUSALEM             91193,,NAN,ESTERO,estero,
CAN32206,CASTELLAMMARE DI STABIA,,NAN,NA/Campania,comune/CAP,80053
CAN32213,NAPOLI,,NAN,NA/Campania,comune/CAP,80138
CAN32218,NAPOLI,,NAN,NA/Campania,comune/CAP,80128
CAN32222,NAPOLI,,NAN,NA/Campania,comune/CAP,80121
CAN32231,NAPOLI,,NAN,NA/Campania,comune/CAP,80147
CAN32387,BAUNEI,Sardegna,OG,NU,comune/CAP,08040
CAN32428,BOSCOTRECASE,,NAN,NA/Campania,comune/CAP,80042
CAN32431,TRECASE,,NAN,NA/Campania,comune/CAP,80040
CAN32515,NAPOLI,,NAN,NA/Campania,comune/CAP,80142
CAN32553,NAPOLI,,NAN,NA/Campania,comune/CAP,80133
CAN32555,NAPOLI,,NAN,NA/Campania,comune/CAP,80132
CAN32562,NAPOLI,,NAN,NA/Campania,comune/CAP,80125
CAN32564,NAPOLI,,NAN,NA/Campania,comune/CAP,80131
CAN32568,NAPOLI,,NAN,NA/Campania,comune/CAP,80138
CAN32572,NAPOLI,,NAN,NA/Campania,comune/CAP,80128
CAN32574,TORRE ANNUNZIATA,,NAN,NA/Campania,comune/CAP,80058
CAN32633,NAPOLI,,NAN,NA/Campania,comune/CAP,80126
CAN32635,NAPOLI,,NAN,NA/Campania,comune/CAP,80132
CAN32680,PIANURA,,NAN,NA/Campania,noto,80126
CAN32687,NAPOLI,,NAN,NA/Campania,comune/CAP,80133
CAN32696,NAPOLI,,NAN,NA/Campania,comune/CAP,80127
CAN32703,CASTELLAMMARE DI STABIA,,NAN,NA/Campania,comune/CAP,80053
CAN32704,CASTELLAMMARE DI STABIA,,NAN,NA/Campania,comune/CAP,80053
CAN32705,CASTELLAMMARE DI STABIA,,NAN,NA/Campania,comune/CAP,80053
CAN32706,CASTELLAMMARE DI STABIA,,NAN,NA/Campania,comune/CAP,80053
CAN32707,POZZUOLI E CANTIERE,,NAN,NA/Campania,comune/CAP,80078
CAN33007,NAPOLI,,NAN,NA/Campania,comune/CAP,80122
CAN33026,CASTELLAMMARE DI STABIA,,NAN,NA/Campania,comune/CAP,80053
CAN33052,NAPOLI,,NAN,NA/Campania,comune/CAP,80133
CAN33058,VILLAMASSARGIA,Sardegna,CI,SU,comune/CAP,09010
CAN33065,NAPOLI,,NAN,NA/Campania,comune/CAP,80123
CAN33066,NAPOLI,,NAN,NA/Campania,comune/CAP,80125
CAN33067,NAPOLI,,NAN,NA/Campania,comune/CAP,80131
CAN33229,POGGIOMARINO,,NAN,NA/Campania,comune/CAP,80040
CAN33238,POGGIOMARINO,,NAN,NA/Campania,comune/CAP,80040
CAN33368,NAPOLI,,NAN,NA/Campania,comune/CAP,80125
CAN33391,NAPOLI,,NAN,NA/Campania,comune/CAP,80138
CAN33401,NAPOLI,,NAN,NA/Campania,comune/CAP,80122
CAN33407,NAPOLI,,NAN,NA/Campania,comune/CAP,80141
CAN33409,S.GIOVANNI A TEDUCCIO,,NAN,NA/Campania,noto,80146
CAN33411,NAPOLI,,NAN,NA/Campania,comune/CAP,80128
CAN33413,MELITO DI NAPOLI,,NAN,NA/Campania,comune/CAP,80017
CAN33417,TORRE DEL GRECO,,NAN,NA/Campania,comune/CAP,80059
CAN33423,CARLOFORTE,Sardegna,CI,SU,comune/CAP,09014
CAN33427,SAN GAVINO MONREALE,Sardegna,VS,SU,comune/CAP,09037
CAN33631,CAIVANO,,NAN,NA/Campania,comune/CAP,80023
CAN33639,CASTELLAMMARE DI STABIA,,NAN,NA/Campania,comune/CAP,80053
CAN33643,S.ANASTASIA,,NAN,NA/Campania,comune/CAP,80048
CAN33656,S.GIORGIO A CREMANO,,NAN,NA/Campania,comune/CAP,80046
CAN33691,GRAGNANO,,NAN,NA/Campania,comune/CAP,80054
CAN33701,ARZANO,,NAN,NA/Campania,comune/CAP,80022
CAN33707,NAPOLI,,NAN,NA/Campania,comune/CAP,80131
CAN33720,NAPOLI,,NAN,NA/Campania,comune/CAP,80122
CAN33722,NAPOLI,,NAN,NA/Campania,comune/CAP,80125
CAN33724,NAPOLI,,NAN,NA/Campania,comune/CAP,80125
CAN33726,NAPOLI,,NAN,NA/Campania,comune/CAP,80123
CAN33746,CASTELLO DI CISTERNA,,NAN,NA/Campania,comune/CAP,80030
CAN33863,VICO EQUENSE,,NAN,NA/Campania,comune/CAP,80069
CAN33866,NAPOLI,,NAN,NA/Campania,comune/CAP,80127
CAN33894,BRUSCIANO,,NAN,NA/Campania,comune/CAP,80031
CAN34030,AROGNO (TICINO-SVIZZERA),,NAN,ESTERO,estero,02822
CAN34031,POZZUOLI,,NAN,NA/Campania,comune/CAP,80078
CAN34039,NAPOLI,,NAN,NA/Campania,comune/CAP,80139
CAN34078,NAPOLI,,NAN,NA/Campania,comune/CAP,80122
CAN34079,GIUGLIANO IN CAMPANIA,,NAN,NA/Campania,comune/CAP,80014
CAN34081,ACERRA,,NAN,NA/Campania,comune/CAP,80011
CAN34082,S.GIORGIO A CREMANO,,NAN,NA/Campania,comune/CAP,80046
CAN34083,GIUGLIANO IN CAMPANIA,,NAN,NA/Campania,comune/CAP,80014
CAN34085,GIUGLIANO IN CAMPANIA,,NAN,NA/Campania,comune/CAP,80014
CAN34232,NAPOLI,,NAN,NA/Campania,comune/CAP,80131
CAN34274,LA MADDALENA,Sardegna,OT,SS,comune/CAP,07024
CAN34284,VILLAMASSARGIA,Sardegna,CI,SU,comune/CAP,09010
CAN34425,NAPOLI,,NAN,NA/Campania,comune/CAP,80122
CAN34434,NAPOLI,,NAN,NA/Campania,comune/CAP,80134
CAN34435,NAPOLI,,NAN,NA/Campania,comune/CAP,80132
CAN34436,POGGIOMARINO,,NAN,NA/Campania,comune/CAP,80040
CAN34504,BRISTOL BS17 2NS,,NAN,ESTERO,estero,
CAN34536,REPUBBLICA DI SAN MARINO,,NAN,Emilia-Romagna (S.Marino),sanmarino,47890
CAN34574,NOLA,,NAN,NA/Campania,comune/CAP,80035
CAN34640,MOSKVA,,01,ESTERO,estero,
CAN34707,NEW YORK,,NY,ESTERO,estero,10021
CAN34716,KYOTO      (606),,26,ESTERO,estero,
CAN34800,MARIGLIANO,,NAN,NA/Campania,comune/CAP,80034
CAN34816,S.ANASTASIA,,NAN,NA/Campania,comune/CAP,80048
CAN34817,S.ANASTASIA,,NAN,NA/Campania,comune/CAP,80048
CAN34818,MARIGLIANO,,NAN,NA/Campania,comune/CAP,80034
CAN34821,PISCINOLA,,NAN,NA/Campania,noto,80145
CAN34823,"PARIS,",,75,ESTERO,estero,75116
CAN34869,PALMA CAMPANIA,,NAN,NA/Campania,comune/CAP,80036
CAN34870,POMIGLIANO D'ARCO,,NAN,NA/Campania,comune/CAP,80038
CAN34878,PALMA CAMPANIA,,NAN,NA/Campania,comune/CAP,80036
CAN34903,LACCO AMENO,,NAN,NA/Campania,comune/CAP,80076
CAN34904,7000 STUTTGART 1,,11,ESTERO,estero,
CAN34915,SANLURI,Sardegna,VS,SU,comune/CAP,09025
CAN34918,3071 THORNBURY MELBOURNE VIC,,NAN,ESTERO,estero,
CAN34933,CARBONIA CENTRO,Sardegna,CI,SU,comune/CAP,09013
CAN35017,NAPOLI,,NAN,NA/Campania,comune/CAP,80126
CAN35020,NAPOLI,,NAN,NA/Campania,comune/CAP,80125
CAN35028,NAPOLI,,NAN,NA/Campania,comune/CAP,80125
CAN35031,SAVIANO,,NAN,NA/Campania,comune/CAP,80039
CAN35032,TRECASE,,NAN,NA/Campania,comune/CAP,80040
CAN35086,NAPOLI,,NAN,NA/Campania,comune/CAP,80121
CAN35096,NAPOLI,,NAN,NA/Campania,comune/CAP,80126
CAN35104,CASTELLAMMARE DI STABIA,,NAN,NA/Campania,comune/CAP,80053
CAN35106,6047 KASTANIENBAUM,,NAN,ESTERO,estero,
CAN35113,LISBONA 1600,,NAN,ESTERO,estero,
CAN35171,SEOUL           151-742,,01,ESTERO,estero,
CAN35353,NAPOLI,,NAN,NA/Campania,comune/CAP,80124
CAN35354,FUSARO-BAIA,,NAN,NA/Campania,noto,80070
CAN35355,ARZANO,,NAN,NA/Campania,comune/CAP,80022
CAN35356,BACOLI,,NAN,NA/Campania,comune/CAP,80070
CAN35357,ACERRA,,NAN,NA/Campania,comune/CAP,80011
CAN35358,QUALIANO,,NAN,NA/Campania,comune/CAP,80019
CAN35361,MARIGLIANELLA,,NAN,NA/Campania,comune/CAP,80030
CAN35362,NAPOLI,,NAN,NA/Campania,comune/CAP,80144
CAN35482,REPUBBLICA DI SAN MARINO,,NAN,Emilia-Romagna (S.Marino),sanmarino,47031
CAN35485,REPUBBLICA DI SAN MARINO,,NAN,Emilia-Romagna (S.Marino),sanmarino,47031
CAN35487,REPUBBLICA DI SAN MARINO,,SM,Emilia-Romagna (S.Marino),sanmarino,47890
CAN35562,LACCO AMENO,,NAN,NA/Campania,comune/CAP,80076
CAN35564,NAPOLI,,NAN,NA/Campania,comune/CAP,80125
CAN35585,NAPOLI,,NAN,NA/Campania,comune/CAP,80121
CAN35588,NAPOLI,,NAN,NA/Campania,comune/CAP,80131
CAN35616,CORTOGHIANA,Sardegna,CI,SU,comune/CAP,09010
CAN35653,NAPOLI,,NAN,NA/Campania,comune/CAP,80128
CAN35657,NAPOLI,,NAN,NA/Campania,comune/CAP,80127
CAN35671,S.ANASTASIA,,NAN,NA/Campania,comune/CAP,80048
CAN35691,CARACAS,,NAN,ESTERO,estero,
CAN35702,TUFINO,,NAN,NA/Campania,comune/CAP,80030
CAN35708,NAPOLI,,NAN,NA/Campania,comune/CAP,80128
CAN35709,NAPOLI,,NAN,NA/Campania,comune/CAP,80123
CAN35712,MARIGLIANO,,NAN,NA/Campania,comune/CAP,80034
CAN35716,NAPOLI,,NAN,NA/Campania,comune/CAP,80131
CAN35719,S.ANTIMO,,NAN,NA/Campania,comune/CAP,80029
CAN35849,AFRAGOLA,,NAN,NA/Campania,comune/CAP,80021
CAN35859,CAMPIONE D'ITALIA,,NAN,CO/Lombardia,comune/CAP,06911
CAN35894,NAPOLI,,NAN,NA/Campania,comune/CAP,80137
CAN35901,ISCHIA PORTO,,NAN,NA/Campania,comune/CAP,80070
CAN35919,NAPOLI,,NAN,NA/Campania,comune/CAP,80133
CAN35925,ISCHIA,,NAN,NA/Campania,comune/CAP,80070
CAN35932,TORRE ANNUNZIATA,,NAN,NA/Campania,comune/CAP,80058
CAN35937,LIVERI,,NAN,NA/Campania,comune/CAP,80030
CAN36029,ISCHIA,,NAN,NA/Campania,comune/CAP,80070
CAN36039,NAPOLI,,NAN,NA/Campania,comune/CAP,80125
CAN36046,VICO EQUENSE,,NAN,NA/Campania,comune/CAP,80069
CAN36049,NAPOLI,,NAN,NA/Campania,comune/CAP,80132
CAN36058,POMIGLIANO D'ARCO,,NAN,NA/Campania,comune/CAP,80038
CAN36065,NAPOLI,,NAN,NA/Campania,comune/CAP,80125
CAN36067,ROCCARAINOLA,,NAN,NA/Campania,comune/CAP,80030
CAN36069,CIMITILE,,NAN,NA/Campania,comune/CAP,80030
CAN36070,NOLA,,NAN,NA/Campania,comune/CAP,80035
CAN36072,SANT'ANTIMO,,NAN,NA/Campania,comune/CAP,80029
CAN36076,CIMITILE,,NAN,NA/Campania,comune/CAP,80030
CAN36077,NAPOLI,,NAN,NA/Campania,comune/CAP,80121
CAN36082,NAPOLI,,NAN,NA/Campania,comune/CAP,80125
CAN36084,NAPOLI,,NAN,NA/Campania,comune/CAP,80133
CAN36087,NAPOLI,,NAN,NA/Campania,comune/CAP,80125
CAN36089,NAPOLI,,NAN,NA/Campania,comune/CAP,80126
CAN36107,NAPOLI,,NAN,NA/Campania,comune/CAP,80127
CAN36108,NAPOLI,,NAN,NA/Campania,comune/CAP,80127
CAN36122,PALMA CAMPANIA,,NAN,NA/Campania,comune/CAP,80036
CAN36134,CASTELLAMMARE DI STABIA,,NAN,NA/Campania,comune/CAP,80053
CAN36137,CASTELLAMMARE DI STABIA,,NAN,NA/Campania,comune/CAP,80053
CAN36163,NAPOLI,,NAN,NA/Campania,comune/CAP,80127
CAN36170,NAPOLI,,NAN,NA/Campania,comune/CAP,80126
CAN36251,NAPOLI,,NAN,NA/Campania,comune/CAP,80126
CAN36267,NAPOLI,,NAN,NA/Campania,comune/CAP,80147
CAN36286,NAPOLI,,NAN,NA/Campania,comune/CAP,80129
CAN36395,NAPOLI,,NAN,NA/Campania,comune/CAP,80127
CAN36415,MUGNANO DI NAPOLI,,NAN,NA/Campania,comune/CAP,80018
CAN36436,GIUGLIANO IN CAMPANIA,,NAN,NA/Campania,comune/CAP,80014
CAN36440,GIUGLIANO IN CAMPANIA,,NAN,NA/Campania,comune/CAP,80014
CAN36450,NAPOLI,,NAN,NA/Campania,comune/CAP,80145
CAN36456,NAPOLI,,NAN,NA/Campania,comune/CAP,80125
CAN36460,ERCOLANO,,NAN,NA/Campania,comune/CAP,80056
CAN36463,NAPOLI,,NAN,NA/Campania,comune/CAP,80126
CAN36469,NAPOLI,,NAN,NA/Campania,comune/CAP,80136
CAN36477,NAPOLI,,NAN,NA/Campania,comune/CAP,80121
CAN36480,GONNOSFANADIGA,Sardegna,VS,SU,comune/CAP,09035
CAN36498,TERZIGNO,,NAN,NA/Campania,comune/CAP,80040
CAN36503,NAPOLI,,NAN,NA/Campania,comune/CAP,80131
CAN36508,NAPOLI,,NAN,NA/Campania,comune/CAP,80131
CAN36511,9000 SAN GALLO,,NAN,ESTERO,estero,
CAN36512,NAPOLI,,NAN,NA/Campania,comune/CAP,80129
CAN36513,NAPOLI,,NAN,NA/Campania,comune/CAP,80132
CAN36514,S.ANASTASIA,,NAN,NA/Campania,comune/CAP,80048
CAN36592,NAPOLI,,NAN,NA/Campania,comune/CAP,80132
CAN36599,NAPOLI,,NAN,NA/Campania,comune/CAP,80128
CAN36605,NAPOLI,,NAN,NA/Campania,comune/CAP,80147
CAN36608,POMPEI E SCAVI,,NAN,NA/Campania,comune/CAP,80045
CAN36611,NAPOLI,,NAN,NA/Campania,comune/CAP,80123
CAN36617,TUFINO,,NAN,NA/Campania,comune/CAP,80030
CAN36623,CASTELLAMMARE DI STABIA,,NAN,NA/Campania,comune/CAP,80053
CAN36627,POZZUOLI E CANTIERE,,NAN,NA/Campania,comune/CAP,80078
CAN36633,POMIGLIANO D'ARCO,,NAN,NA/Campania,comune/CAP,80038
CAN36636,NAPOLI,,NAN,NA/Campania,comune/CAP,80128
CAN36640,S.GIUSEPPE VESUVIANO,,NAN,NA/Campania,comune/CAP,80047
CAN36646,NAPOLI,,NAN,NA/Campania,comune/CAP,80126
CAN36655,CASORIA,,NAN,NA/Campania,comune/CAP,80026
CAN36745,CAMPOSANO,,NAN,NA/Campania,comune/CAP,80030
CAN36747,NAPOLI,,NAN,NA/Campania,comune/CAP,80132
CAN36749,NAPOLI,,NAN,NA/Campania,comune/CAP,80125
CAN36750,NAPOLI,,NAN,NA/Campania,comune/CAP,80127
CAN36762,NAPOLI,,NAN,NA/Campania,comune/CAP,80124
CAN36775,AFRAGOLA,,NAN,NA/Campania,comune/CAP,80021
CAN36779,AFRAGOLA,,NAN,NA/Campania,comune/CAP,80021
CAN36790,PIANO DI SORRENTO,,NAN,NA/Campania,comune/CAP,80063
CAN36796,NOLA,,NAN,NA/Campania,comune/CAP,80035
CAN36800,EH3 7HA EDINBURGH,,NAN,ESTERO,estero,
CAN36801,NOLA,,NAN,NA/Campania,comune/CAP,80035
CAN36803,NAPOLI,,NAN,NA/Campania,comune/CAP,80126
CAN36835,PALMA CAMPANIA,,NAN,NA/Campania,comune/CAP,80036
CAN36838,NAPOLI,,NAN,NA/Campania,comune/CAP,80128
CAN36841,NAPOLI,,NAN,NA/Campania,comune/CAP,80123
CAN36844,S.GENNARELLO,,NAN,NA/Campania,comune/CAP,80040
CAN36959,NOLA,,NAN,NA/Campania,comune/CAP,80035
CAN36966,POMPEI E SCAVI,,NAN,NA/Campania,comune/CAP,80045
CAN36971,NAPOLI,,NAN,NA/Campania,comune/CAP,80126
CAN36993,VICO EQUENSE,,NAN,NA/Campania,comune/CAP,80069
CAN37012,NAPOLI,,NAN,NA/Campania,comune/CAP,80126
CAN37030,GRAGNANO,,NAN,NA/Campania,comune/CAP,80054
CAN37032,GRAGNANO,,NAN,NA/Campania,comune/CAP,80054
CAN37035,CASTELLAMMARE DI STABIA,,NAN,NA/Campania,comune/CAP,80053
CAN37039,GRUMO NEVANO,,NAN,NA/Campania,comune/CAP,80028
CAN37097,S.ANASTASIA,,NAN,NA/Campania,comune/CAP,80048
CAN37099,TORRE ANNUNZIATA,,NAN,NA/Campania,comune/CAP,80058
CAN37105,S.GENNARELLO,,NAN,NA/Campania,comune/CAP,80040
CAN37107,S.GENNARELLO,,NAN,NA/Campania,comune/CAP,80040
CAN37109,NAPOLI,,NAN,NA/Campania,comune/CAP,80126
CAN37112,GRAGNANO,,NAN,NA/Campania,comune/CAP,80054
CAN37114,GRAGNANO,,NAN,NA/Campania,comune/CAP,80054
CAN37115,NAPOLI,,NAN,NA/Campania,comune/CAP,80145
CAN37118,CASORIA,,NAN,NA/Campania,comune/CAP,80026
CAN37120,NAPOLI,,NAN,NA/Campania,comune/CAP,80144
CAN37122,NAPOLI,,NAN,NA/Campania,comune/CAP,80126
CAN37123,NAPOLI,,NAN,NA/Campania,comune/CAP,80125
CAN37124,NAPOLI,,NAN,NA/Campania,comune/CAP,80126
CAN37194,NAPOLI,,NAN,NA/Campania,comune/CAP,80125
CAN37213,S.ANASTASIA,,NAN,NA/Campania,comune/CAP,80048
CAN37221,NAPOLI,,NAN,NA/Campania,comune/CAP,80131
CAN37223,PIANO DI SORRENTO,,NAN,NA/Campania,comune/CAP,80063
CAN37243,S.GENNARO VESUVIANO,,NAN,NA/Campania,comune/CAP,80040
CAN37289,SIDNEY 2006 AUSTRALIA,,NSW,ESTERO,estero,
CAN37303,SAN GIUSEPPE VESUVIANO,,NAN,NA/Campania,comune/CAP,80048
CAN37314,FRATTAMAGGIORE,,NAN,NA/Campania,comune/CAP,80027
CAN37317,NAPOLI,,NAN,NA/Campania,comune/CAP,80122
CAN37322,CASTELLAMMARE DI STABIA,,NAN,NA/Campania,comune/CAP,80053
CAN37326,POMPEI E SCAVI,,NAN,NA/Campania,comune/CAP,80045
CAN37329,S.ANTONIO ABATE,,NAN,NA/Campania,comune/CAP,80057
CAN37337,GRAGNANO,,NAN,NA/Campania,comune/CAP,80054
CAN37340,PORTICI,,NAN,NA/Campania,comune/CAP,80055
CAN37342,S.GIORGIO A CREMANO,,NAN,NA/Campania,comune/CAP,80046
CAN37343,BAUNEI,Sardegna,OG,NU,comune/CAP,08040
CAN37349,NAPOLI,,NAN,NA/Campania,comune/CAP,80138
CAN37361,PORTICI,,NAN,NA/Campania,comune/CAP,80055
CAN37366,S.GIUSEPPE VESUVIANO,,NAN,NA/Campania,comune/CAP,80047
CAN37376,8025 ZURICH,,NAN,ESTERO,estero,
CAN37381,BACOLI,,NAN,NA/Campania,comune/CAP,80070
CAN37433,POMPEI E SCAVI,,NAN,NA/Campania,comune/CAP,80045
CAN37437,POMPEI E SCAVI,,NAN,NA/Campania,comune/CAP,80045
CAN37441,POMPEI E SCAVI,,NAN,NA/Campania,comune/CAP,80045
CAN37464,NAPOLI,,NAN,NA/Campania,comune/CAP,80129
CAN37468,TORRE ANNUNZIATA,,NAN,NA/Campania,comune/CAP,80058
CAN37469,TERZIGNO,,NAN,NA/Campania,comune/CAP,80040
CAN37470,S.GENNARELLO,,NAN,NA/Campania,comune/CAP,80040
CAN37483,TAVERNANOVA-CASALNUOVO NAP.,,NAN,NA/Campania,noto,80013
CAN37493,PALMA CAMPANIA,,NAN,NA/Campania,comune/CAP,80036
CAN37499,PALMA CAMPANIA,,NAN,NA/Campania,comune/CAP,80036
CAN37504,NAPOLI,,NAN,NA/Campania,comune/CAP,80126
CAN37507,NAPOLI,,NAN,NA/Campania,comune/CAP,80126
CAN37511,S.SEBASTIANO AL VESUVIO,,NAN,NA/Campania,comune/CAP,80040
CAN37553,S.ANASTASIA,,NAN,NA/Campania,comune/CAP,80048
CAN37589,MARANO DI NAPOLI,,NAN,NA/Campania,comune/CAP,80016
CAN37590,AFRAGOLA,,NAN,NA/Campania,comune/CAP,80021
CAN37591,CASOLA,,NAN,NA/Campania,comune/CAP,80050
CAN37593,CERCOLA,,NAN,NA/Campania,comune/CAP,80040
CAN37600,NAPOLI,,NAN,NA/Campania,comune/CAP,80125
CAN37777,NAPOLI,,NAN,NA/Campania,comune/CAP,80125
CAN37799,CERCOLA,,NAN,NA/Campania,comune/CAP,80040
CAN37800,NAPOLI,,NAN,NA/Campania,comune/CAP,80121
CAN37801,NAPOLI,,NAN,NA/Campania,comune/CAP,80136
CAN37804,NAPOLI,,NAN,NA/Campania,comune/CAP,80126
CAN37806,NAPOLI,,NAN,NA/Campania,comune/CAP,80123
CAN37807,NAPOLI,,NAN,NA/Campania,comune/CAP,80123
CAN37809,NAPOLI,,NAN,NA/Campania,comune/CAP,80129
CAN37810,POLLENA TROCCHIA,,NAN,NA/Campania,comune/CAP,80040
CAN37811,TORRE ANNUNZIATA,,NAN,NA/Campania,comune/CAP,80058
